gameNumber,location,weather,opponent,date,mlbAtBatIndex,realAtBatIndex,pitcherName,battingSide,playResult,playResultType,countBalls,countStrikes,pitchResultCode,pitchType,startSpeed,endSpeed,aY,aZ,pfxX,pfxZ,pX,pZ,vX0,vY0,vZ0,x,y,x0,y0,z0,aX,breakAngle,breakLength,breakY,spinRate,spinDirection,plateTime,extension,
21,a,Partly Cloudy,BAL,2019-04-22,10,0,David Hess,L,Groundout,field_out,0,0,B,CU,78.7,73.2,20.51,-33.99,3.62,-1.37,0.45,0.06,4.82,-114.26,-5.55,99.95,237.24,-2.16,50,5.85,4.8,8.4,10.8,24,2472,66,undefined,undefined,
21,a,Partly Cloudy,BAL,2019-04-22,10,0,David Hess,L,Groundout,field_out,1,0,C,CH,83.7,77.4,20.57,-23.48,-7.47,5.73,0.21,3.52,7.66,-121.56,-0.82,109.08,143.85,-1.99,50,5.87,-11.34,22.8,7.2,24,1482,228,undefined,undefined,
21,a,Partly Cloudy,BAL,2019-04-22,10,0,David Hess,L,Groundout,field_out,1,1,X,CH,85.3,79,21.46,-23.1,-8.35,5.75,-0.54,2.9,6.71,-123.97,-2.37,137.42,160.4,-2.18,50,5.77,-13.18,27.6,7.2,24,1574,233,undefined,undefined,
21,a,Partly Cloudy,BAL,2019-04-22,31,1,David Hess,L,Walk,walk,0,0,C,FF,93,84.9,29.47,-11.03,-3.19,11.46,-1.08,2.13,4.32,-135.02,-7.08,158.28,181.35,-2.29,50,5.56,-5.89,21.6,2.4,24,2350,193,undefined,undefined,
21,a,Partly Cloudy,BAL,2019-04-22,31,1,David Hess,L,Walk,walk,0,1,B,CU,78.3,72.6,20.64,-35.37,3.61,-2.43,-1.01,1.13,1.75,-113.91,-2.68,155.63,208.19,-2.26,50,5.82,4.75,8.4,10.8,24,2430,56,undefined,undefined,
21,a,Partly Cloudy,BAL,2019-04-22,31,1,David Hess,L,Walk,walk,1,1,T,FF,91.5,83.5,27.79,-13.58,-5.18,10.4,0.85,3.52,9.46,-132.72,-2.99,84.72,143.8,-2.09,50,5.64,-9.25,27.6,3.6,24,2224,201,undefined,undefined,
21,a,Partly Cloudy,BAL,2019-04-22,31,1,David Hess,L,Walk,walk,1,2,B,FF,94.1,86,29.91,-11.69,-3.53,10.79,-1.63,3.16,2.53,-136.82,-4.65,178.97,153.39,-2.1,50,5.68,-6.71,26.4,3.6,24,2277,197,undefined,undefined,
21,a,Partly Cloudy,BAL,2019-04-22,31,1,David Hess,L,Walk,walk,2,2,B,CU,79.7,74.2,20.05,-34,2.36,-1.33,-0.14,1.07,3.62,-115.84,-3.49,122.52,209.84,-2.03,50,5.82,3.23,6,10.8,24,2354,60,undefined,undefined,
21,a,Partly Cloudy,BAL,2019-04-22,31,1,David Hess,L,Walk,walk,3,1,F,FF,94.2,86,30.1,-12.67,-5.53,10.31,-0.88,1.73,5.2,-136.68,-8.06,150.57,191.98,-2.09,50,5.59,-10.46,32.4,3.6,24,2272,207,undefined,undefined,
21,a,Partly Cloudy,BAL,2019-04-22,31,1,David Hess,L,Walk,walk,3,2,B,FF,94.4,85.8,31.61,-12.93,-3.39,10.14,-1.37,2.82,3.44,-137.18,-5.4,169.12,162.55,-2.2,50,5.71,-6.43,21.6,3.6,24,2261,197,undefined,undefined,
21,a,Partly Cloudy,BAL,2019-04-22,45,2,Gabriel Ynoa,L,Field Error,field_error,0,0,B,FF,95.6,87.7,29.75,-25.36,-12.65,3.49,0.58,1.26,10.09,-138.56,-6.07,95.06,204.77,-1.46,50,5.17,-24.69,40.8,7.2,24,2060,255,undefined,undefined,
21,a,Partly Cloudy,BAL,2019-04-22,45,2,Gabriel Ynoa,L,Field Error,field_error,1,0,S,SL,88,80.1,27.44,-21.49,-11.46,6.48,-0.24,2.55,7.44,-127.85,-2.54,126.18,170.07,-1.7,50,5.25,-18.89,38.4,7.2,24,2227,238,undefined,undefined,
21,a,Partly Cloudy,BAL,2019-04-22,45,2,Gabriel Ynoa,L,Field Error,field_error,1,1,B,FF,95.1,86.9,30.6,-22.73,-11.78,4.9,1.06,1.98,10.47,-137.92,-4.76,76.47,185.28,-1.25,50,5.26,-22.7,40.8,7.2,24,2078,246,undefined,undefined,
21,a,Partly Cloudy,BAL,2019-04-22,45,2,Gabriel Ynoa,L,Field Error,field_error,2,1,D,FF,94.9,86.7,30.2,-17.01,-10.54,7.89,-0.04,1.85,7.45,-137.73,-5.73,118.39,188.87,-1.4,50,5.1,-20.26,45.6,6,24,2080,232,undefined,undefined,
21,a,Partly Cloudy,BAL,2019-04-22,57,3,Tanner Scott,L,Strikeout,strikeout,0,0,B,SL,87.8,81.3,25.16,-28.68,-1.53,2.11,-0.01,0.5,-6.1,-127.63,-6.77,117.47,225.4,2.6,50,5.43,-2.54,7.2,7.2,24,2674,237,undefined,undefined,
21,a,Partly Cloudy,BAL,2019-04-22,57,3,Tanner Scott,L,Strikeout,strikeout,1,0,C,FF,95.9,88.3,28.59,-16.08,7.11,8.13,-0.76,2.14,-11.44,-139.19,-6.31,145.79,180.98,2.47,50,5.48,14.07,33.6,4.8,24,2476,142,undefined,undefined,
21,a,Partly Cloudy,BAL,2019-04-22,57,3,Tanner Scott,L,Strikeout,strikeout,1,1,B,FF,95.6,87.6,30.39,-13.89,6.63,9.4,-0.72,0.64,-11.12,-138.45,-10.16,144.6,221.39,2.48,50,5.29,12.89,33.6,3.6,24,2334,147,undefined,undefined,
21,a,Partly Cloudy,BAL,2019-04-22,57,3,Tanner Scott,L,Strikeout,strikeout,2,1,S,SL,88.1,80.8,26.65,-30.72,-1.29,0.87,-0.08,2.46,-6.73,-128.05,-1.77,119.98,172.25,2.75,50,5.57,-2.13,6,7.2,24,2637,248,undefined,undefined,
21,a,Partly Cloudy,BAL,2019-04-22,57,3,Tanner Scott,L,Strikeout,strikeout,2,2,B,FF,96.5,88.2,31.48,-13.92,5.89,9.22,-0.63,1.3,-10.53,-139.83,-8.86,140.89,203.71,2.42,50,5.42,11.67,30,3.6,24,2366,150,undefined,undefined,
21,a,Partly Cloudy,BAL,2019-04-22,57,3,Tanner Scott,L,Strikeout,strikeout,3,1,F,SL,87.7,80.8,25.15,-30.31,-0.45,1.13,0.01,2.46,-6.74,-127.42,-1.83,116.54,172.42,2.75,50,5.57,-0.75,3.6,7.2,24,2558,229,undefined,undefined,
21,a,Partly Cloudy,BAL,2019-04-22,57,3,Tanner Scott,L,Strikeout,strikeout,3,2,S,SL,89.3,82.2,26.07,-28.29,-2.99,2.26,0.43,2.95,-5.06,-129.84,-1.5,100.53,159.11,2.79,50,5.68,-5.13,12,7.2,24,2628,237,undefined,undefined,
22,a,Partly Cloudy,BAL,2019-04-23,10,0,Andrew Cashner,L,Single,single,0,0,B,FF,90.4,83.7,25.13,-17.23,-6.64,8.48,-0.7,1.4,2.55,-131.26,-9.56,143.51,200.88,-0.81,50,6.35,-11.71,31.2,4.8,24,2040,219,0.42,5.34,
22,a,Partly Cloudy,BAL,2019-04-23,10,0,Andrew Cashner,L,Single,single,1,0,C,SL,82.3,77,19.58,-31.04,3.34,0.77,-0.12,2.18,1.14,-119.84,-3.93,121.76,179.82,-1.04,50,6.57,4.94,9.6,8.4,24,2197,98,0.47,4.97,
22,a,Partly Cloudy,BAL,2019-04-23,10,0,Andrew Cashner,L,Single,single,1,1,B,CH,83.3,77.8,20.22,-24.67,-6.45,4.98,0.06,0.94,3.79,-121.07,-8.24,114.74,213.29,-0.68,50,6.5,-9.72,19.2,7.2,24,1585,234,0.46,5.23,
22,a,Partly Cloudy,BAL,2019-04-23,10,0,Andrew Cashner,L,Single,single,2,1,D,FF,93.6,86.5,26.54,-13.22,-4.97,10.03,0.14,1.47,4.33,-135.81,-10.37,111.55,198.96,-0.82,50,6.23,-9.38,30,3.6,24,2220,206,0.41,5.25,
22,a,Partly Cloudy,BAL,2019-04-23,31,1,Andrew Cashner,L,Grounded Into DP,grounded_into_double_play,0,0,C,FF,93.7,86.2,28.23,-15.23,-3.45,8.99,0.26,1.77,4.38,-136.05,-9.13,107.03,190.94,-0.92,50,6.21,-6.5,18,3.6,24,2246,200,0.41,5.31,
22,a,Partly Cloudy,BAL,2019-04-23,31,1,Andrew Cashner,L,Grounded Into DP,grounded_into_double_play,0,1,*B,CU,80.9,74.5,24.1,-38.34,5.85,-4.45,-0.37,0.8,-0.33,-117.5,-5.01,131.17,217.27,-0.99,50,6.55,8.1,12,12,24,2438,49,0.48,4.7,
22,a,Partly Cloudy,BAL,2019-04-23,31,1,Andrew Cashner,L,Grounded Into DP,grounded_into_double_play,1,1,*B,CH,84.7,78.2,23.91,-23.03,-7.49,5.97,-0.45,0.27,3.19,-122.85,-9.86,134.31,231.47,-0.8,50,6.29,-11.46,24,7.2,24,1762,235,0.45,5.25,
22,a,Partly Cloudy,BAL,2019-04-23,31,1,Andrew Cashner,L,Grounded Into DP,grounded_into_double_play,2,1,X,CH,84.6,78.3,22.07,-22.35,-5.95,6.34,-0.66,2.71,2.2,-123.09,-4.75,142.16,165.48,-0.79,50,6.54,-9.21,20.4,6,24,1644,223,0.45,5.33,
22,a,Partly Cloudy,BAL,2019-04-23,56,2,Andrew Cashner,L,Strikeout,strikeout,0,0,C,FF,92.8,85.1,28.71,-17.4,-3.37,8.02,-0.27,2.28,2.79,-134.74,-7.45,127.31,177.15,-0.88,50,6.31,-6.21,16.8,4.8,24,2303,202,0.41,5.35,
22,a,Partly Cloudy,BAL,2019-04-23,56,2,Andrew Cashner,L,Strikeout,strikeout,0,1,S,CH,83.1,76,25.12,-23.74,-9.12,5.77,-0.69,1.17,2.88,-120.61,-7.39,143.37,207.23,-0.72,50,6.39,-13.33,26.4,8.4,24,1547,240,0.46,5.52,
22,a,Partly Cloudy,BAL,2019-04-23,56,2,Andrew Cashner,L,Strikeout,strikeout,0,2,B,FT,92,84.4,28.55,-16.67,-7.35,8.58,-1.53,1.43,1.35,-133.57,-9.46,175.5,200.24,-1.09,50,6.21,-13.29,34.8,4.8,24,2107,223,0.42,5.59,
22,a,Partly Cloudy,BAL,2019-04-23,56,2,Andrew Cashner,L,Strikeout,strikeout,1,2,*B,CU,80.2,73.7,25.31,-41.16,7.52,-6.68,0.3,-0.43,0.85,-116.27,-6.4,105.69,250.42,-1.05,50,6.34,10.12,13.2,13.2,24,2567,45,0.49,4.57,
22,a,Partly Cloudy,BAL,2019-04-23,56,2,Andrew Cashner,L,Strikeout,strikeout,2,2,S,CH,83.8,77.1,24.58,-25.84,-8.33,4.23,-0.64,0.79,3.06,-121.76,-7.99,141.5,217.57,-0.84,50,6.35,-12.47,24,8.4,24,1411,247,0.46,5.7,
23,a,Partly Cloudy,BAL,2019-04-24,47,0,Paul Fry,L,Groundout,field_out,0,0,C,FF,90.4,83.4,25.66,-19.71,1.55,7.07,-1.07,2.41,-9.24,-131.42,-3.51,157.81,173.75,2.28,50,5.21,2.73,2.4,4.8,24,2423,175,undefined,undefined,
23,a,Partly Cloudy,BAL,2019-04-24,47,0,Paul Fry,L,Groundout,field_out,0,1,B,SL,82.6,75.6,25.62,-35.05,-6.02,-1.99,0.18,1.09,-3.77,-120.1,-2.25,110.04,209.33,2.56,50,5.19,-8.7,14.4,10.8,24,2796,287,undefined,undefined,
23,a,Partly Cloudy,BAL,2019-04-24,47,0,Paul Fry,L,Groundout,field_out,1,1,B,SL,83.8,76.5,27.02,-37.06,-10.16,-3.3,-1.25,1.81,-5.7,-121.72,-0.4,164.75,189.82,2.45,50,5.23,-15.03,24,10.8,24,2730,286,undefined,undefined,
23,a,Partly Cloudy,BAL,2019-04-24,47,0,Paul Fry,L,Groundout,field_out,2,1,C,FF,90.2,83.2,25.77,-19.94,1.22,6.96,-0.41,1.75,-7.47,-131.18,-4.8,132.69,191.47,2.31,50,5.08,2.14,2.4,4.8,24,2417,176,undefined,undefined,
23,a,Partly Cloudy,BAL,2019-04-24,47,0,Paul Fry,L,Groundout,field_out,2,2,X,SL,84,76.5,27.47,-37.1,-6.73,-3.32,-0.67,1.6,-5.28,-122.02,-0.83,142.62,195.51,2.4,50,5.19,-9.99,16.8,10.8,24,2706,293,undefined,undefined,
23,a,Partly Cloudy,BAL,2019-04-24,64,1,Mychal Givens,L,Pop Out,field_out,0,0,B,FF,94.6,87.4,27.41,-20.69,-6.18,5.9,-1.29,2.9,4.96,-137.87,-0.82,166.35,160.51,-2.31,50,4.58,-12.03,27.6,4.8,24,2361,223,undefined,undefined,
23,a,Partly Cloudy,BAL,2019-04-24,64,1,Mychal Givens,L,Pop Out,field_out,1,0,B,FF,95.4,88.2,27.66,-20,-5.91,6.14,-0.97,2.82,5.21,-139.12,-1.5,153.98,162.59,-2.09,50,4.68,-11.72,27.6,4.8,24,2348,221,undefined,undefined,
23,a,Partly Cloudy,BAL,2019-04-24,64,1,Mychal Givens,L,Pop Out,field_out,2,0,S,FF,95.5,88.3,27.55,-19.42,-5.05,6.43,0.25,3.17,8.09,-139.11,-1.07,107.56,153.18,-2.03,50,4.83,-10.02,22.8,4.8,24,2333,213,undefined,undefined,
23,a,Partly Cloudy,BAL,2019-04-24,64,1,Mychal Givens,L,Pop Out,field_out,2,1,S,FF,95.1,87.4,29.2,-20.66,-5.98,5.9,-0.82,2.76,6.05,-138.43,-1.78,148.41,164.14,-2.25,50,4.79,-11.66,26.4,4.8,24,2316,222,undefined,undefined,
23,a,Partly Cloudy,BAL,2019-04-24,64,1,Mychal Givens,L,Pop Out,field_out,2,2,X,FF,96.4,88.7,29.33,-19.49,-6.28,6.32,0.51,2.6,9.6,-140.19,-2.62,97.55,168.61,-2.13,50,4.81,-12.6,27.6,4.8,24,2324,220,undefined,undefined,
24,h,Clear,DET,2019-04-26,67,0,Drew VerHagen,L,Double,double,0,0,*B,SL,86.1,79.5,26.83,-40.68,4.24,-5.41,0.02,0.18,3.64,-125,-6.85,116.2,234.12,-2.01,50,6.32,6.67,9.6,10.8,24,2422,37,undefined,undefined,
24,h,Clear,DET,2019-04-26,67,0,Drew VerHagen,L,Double,double,1,0,C,FT,93,85.5,28.07,-18,-7.06,7.63,0.49,2.48,9.06,-135.07,-6.82,98.31,172.01,-1.98,50,6.29,-13.11,30,4.8,24,2348,220,undefined,undefined,
24,h,Clear,DET,2019-04-26,67,0,Drew VerHagen,L,Double,double,1,1,B,SL,85.5,79.5,23.6,-30.26,4.66,1.22,0.36,0.57,4.31,-124.19,-8.06,103.34,223.29,-2,50,6.36,7.32,14.4,8.4,24,undefined,94,undefined,undefined,
24,h,Clear,DET,2019-04-26,67,0,Drew VerHagen,L,Double,double,2,1,E,FT,92.3,85.7,25.44,-22.29,-5.76,5.34,0.14,2.55,7.02,-134.34,-5.82,111.73,169.93,-1.74,50,6.3,-10.66,21.6,6,24,2392,226,undefined,undefined,
24,h,Clear,DET,2019-04-26,86,1,Daniel Stumpf,L,Strikeout,strikeout,0,0,B,SL,80.8,75.4,19.23,-30.3,-1.22,1.33,-1.58,2.19,-9.23,-117.27,-2.69,177.24,179.77,2.54,50,6.14,-1.72,6,8.4,24,2280,242,undefined,undefined,
24,h,Clear,DET,2019-04-26,86,1,Daniel Stumpf,L,Strikeout,strikeout,1,0,B,FF,89.8,82.3,26.68,-14.29,5.46,10.4,-1.08,1.97,-10.85,-130.16,-7.27,158.03,185.63,2.43,50,5.87,9.4,25.2,3.6,24,2372,156,undefined,undefined,
24,h,Clear,DET,2019-04-26,86,1,Daniel Stumpf,L,Strikeout,strikeout,2,0,F,FF,90,82.2,27.28,-14.42,5.9,10.28,-0.48,2.61,-9.8,-130.54,-5.75,135.45,168.43,2.55,50,5.92,10.19,27.6,3.6,24,2372,154,undefined,undefined,
24,h,Clear,DET,2019-04-26,86,1,Daniel Stumpf,L,Strikeout,strikeout,2,1,F,FF,90.8,82.9,27.86,-16.3,7.18,8.99,0.82,3.87,-7.13,-131.98,-2.59,85.86,134.17,2.62,50,6.07,12.68,33.6,4.8,24,2273,144,undefined,undefined,
24,h,Clear,DET,2019-04-26,86,1,Daniel Stumpf,L,Strikeout,strikeout,2,2,S,SL,82,76.5,19.59,-30.35,-0.97,1.24,-0.06,2.89,-6.39,-119.32,-1.01,119.39,160.77,2.76,50,6.01,-1.42,4.8,8.4,24,2147,232,undefined,undefined,
27,h,Overcast,BAL,2019-05-01,13,0,David Hess,L,Strikeout,strikeout,0,0,C,CU,75.3,70.2,17.15,-35.36,4.46,-2.59,-0.89,2.4,1.68,-109.51,-0.01,151.09,174.11,-2.25,50,6.15,5.49,9.6,12,24,2269,63,undefined,undefined,
27,h,Overcast,BAL,2019-05-01,13,0,David Hess,L,Strikeout,strikeout,0,1,B,FF,92,85,25.16,-16.69,-2.46,8.43,0.24,3.96,6.68,-133.8,-1.78,108.01,131.94,-1.96,50,5.81,-4.53,10.8,3.6,24,2125,191,undefined,undefined,
27,h,Overcast,BAL,2019-05-01,13,0,David Hess,L,Strikeout,strikeout,1,1,B,FF,91.7,84.2,26.62,-15.02,-2.05,9.49,1.52,3.96,9.62,-133.14,-1.92,59.01,131.88,-1.86,50,5.77,-3.71,7.2,3.6,24,2184,186,undefined,undefined,
27,h,Overcast,BAL,2019-05-01,13,0,David Hess,L,Strikeout,strikeout,2,1,S,CH,84.5,78.4,21.68,-25.95,-7.32,4.03,-0.83,1.68,5.94,-122.89,-4.32,148.68,193.46,-2.32,50,5.64,-11.32,21.6,7.2,24,1630,240,undefined,undefined,
27,h,Overcast,BAL,2019-05-01,13,0,David Hess,L,Strikeout,strikeout,2,1,F,FF,93.1,85.6,27.77,-14.49,-2.31,9.48,-0.46,2.15,4.97,-135.3,-6.53,134.49,180.85,-2.02,50,5.6,-4.3,12,3.6,24,2158,191,undefined,undefined,
27,h,Overcast,BAL,2019-05-01,13,0,David Hess,L,Strikeout,strikeout,2,1,F,FF,92.4,85.1,26.35,-15.04,-2.5,9.29,0.52,3.68,7.27,-134.28,-2.67,97.16,139.38,-1.88,50,5.75,-4.61,12,3.6,24,2250,190,undefined,undefined,
27,h,Overcast,BAL,2019-05-01,13,0,David Hess,L,Strikeout,strikeout,2,2,B,CH,82.9,77.1,19.74,-24.41,-6.91,5.17,-1.38,3,4.19,-120.68,-1.4,169.49,158.08,-2.22,50,5.7,-10.36,21.6,7.2,24,1395,231,undefined,undefined,
27,h,Overcast,BAL,2019-05-01,13,0,David Hess,L,Strikeout,strikeout,3,2,S,CH,84.8,78.4,21.77,-21.16,-5.88,7.07,-0.61,2.98,5.78,-123.33,-2.2,140.12,158.29,-2.2,50,5.65,-9.16,20.4,6,24,1534,216,undefined,undefined,
27,h,Overcast,BAL,2019-05-01,26,1,David Hess,L,Single,single,0,0,C,FF,93.3,86.1,26.56,-13.93,-3.17,9.7,0.94,2.54,9.28,-135.52,-5.62,81.31,170.16,-2.1,50,5.6,-5.97,15.6,3.6,24,2200,193,undefined,undefined,
27,h,Overcast,BAL,2019-05-01,26,1,David Hess,L,Single,single,0,1,B,FF,93.4,85.8,28.17,-13.76,-2.94,9.83,1.09,2.62,8.96,-135.65,-5.4,75.44,168.11,-1.87,50,5.58,-5.51,14.4,3.6,24,2259,191,undefined,undefined,
27,h,Overcast,BAL,2019-05-01,26,1,David Hess,L,Single,single,1,1,*B,CH,85.7,79,24.06,-27.59,-7.64,2.92,0.92,0.62,9.98,-124.2,-6.44,81.85,222.13,-2.15,50,5.53,-11.97,19.2,8.4,24,1753,250,undefined,undefined,
27,h,Overcast,BAL,2019-05-01,26,1,David Hess,L,Single,single,2,1,*B,CH,84.3,77.4,24.57,-26.37,-9.75,3.84,-0.67,0.4,7.09,-122.31,-6.69,undefined,undefined,-2.34,50,5.44,-14.74,26.4,8.4,24,1593,250,undefined,undefined,
27,h,Overcast,BAL,2019-05-01,26,1,David Hess,L,Single,single,3,1,F,FF,92.7,85.7,25.67,-16.33,-2.26,8.52,1.07,3.09,9.09,-134.63,-3.73,76.34,155.33,-2.04,50,5.63,-4.2,8.4,3.6,24,2107,189,undefined,undefined,
27,h,Overcast,BAL,2019-05-01,26,1,David Hess,L,Single,single,3,2,E,FF,94.3,86.5,29.55,-14.01,-2.21,9.52,0.1,2.09,6.49,-137.07,-6.74,113.27,182.28,-2.01,50,5.54,-4.21,10.8,3.6,24,2126,189,undefined,undefined,
27,h,Overcast,BAL,2019-05-01,51,2,Shawn Armstrong,L,Strikeout,strikeout,0,0,F,FF,91.4,84.3,26.19,-12.28,-3.41,11.03,-0.04,2.14,8.96,-132.88,-6.74,118.48,181.13,-3,50,5.58,-6.15,18,3.6,24,2525,193,undefined,undefined,
27,h,Overcast,BAL,2019-05-01,51,2,Shawn Armstrong,L,Strikeout,strikeout,0,1,F,FF,92.3,85,26.98,-14.19,-4.7,9.79,-0.12,2.55,9.1,-134.21,-5.65,121.63,169.88,-2.93,50,5.68,-8.64,24,3.6,24,2567,201,undefined,undefined,
27,h,Overcast,BAL,2019-05-01,51,2,Shawn Armstrong,L,Strikeout,strikeout,0,2,S,FF,92.1,84.7,26.91,-15.41,-5.09,9.15,-0.37,4.15,8.27,-134,-1.44,131.28,126.73,-2.83,50,5.79,-9.33,26.4,3.6,24,2558,204,undefined,undefined,
28,h,Clear,BAL,2019-05-01,6,0,Andrew Cashner,L,Strikeout,strikeout,0,0,C,FF,92.7,85.5,26.21,-10.26,-4.75,11.82,-0.15,2.09,3.48,-134.58,-9.21,122.54,182.38,-0.83,50,6.27,-8.81,33.6,3.6,24,2243,201,undefined,undefined,
28,h,Clear,BAL,2019-05-01,6,0,Andrew Cashner,L,Strikeout,strikeout,0,1,C,CU,79.7,72.9,23.44,-41.31,8.49,-6.8,0.12,2.92,-0.39,-115.68,0.32,112.49,160.28,-0.81,50,6.77,11.4,15.6,13.2,24,2642,52,undefined,undefined,
28,h,Clear,BAL,2019-05-01,6,0,Andrew Cashner,L,Strikeout,strikeout,0,2,B,CU,78,71.9,22.22,-40.5,8.75,-6.46,-0.26,1.51,-0.9,-113.28,-2.37,126.9,198.44,-1,50,6.65,11.27,15.6,13.2,24,2641,52,undefined,undefined,
28,h,Clear,BAL,2019-05-01,6,0,Andrew Cashner,L,Strikeout,strikeout,1,2,S,CH,83.7,77.2,22.85,-22.38,-8.63,6.49,-0.89,2.85,1.9,-121.77,-4.46,150.88,162.02,-0.56,50,6.63,-13.02,28.8,7.2,24,1457,233,undefined,undefined,
28,h,Clear,BAL,2019-05-01,23,1,Andrew Cashner,L,Strikeout,strikeout,0,0,B,CU,76.8,70.5,21.11,-38.88,5.77,-5.36,-1.18,2.7,-1.92,-111.46,-0.27,161.9,165.77,-1.05,50,6.86,7.22,9.6,13.2,24,2352,47,undefined,undefined,
28,h,Clear,BAL,2019-05-01,23,1,Andrew Cashner,L,Strikeout,strikeout,1,0,S,FF,90.1,82.2,28.23,-11.62,-4.89,11.88,-0.71,2.24,1.99,-130.86,-7.93,144.03,178.31,-0.84,50,6.18,-8.47,31.2,3.6,24,2120,202,undefined,undefined,
28,h,Clear,BAL,2019-05-01,23,1,Andrew Cashner,L,Strikeout,strikeout,1,1,B,CH,84.1,77.5,23.3,-20.12,-7.47,7.94,-0.92,1.65,2.03,-122.23,-7.26,152.16,194.28,-0.79,50,6.37,-11.34,27.6,6,24,1596,224,undefined,undefined,
28,h,Clear,BAL,2019-05-01,23,1,Andrew Cashner,L,Strikeout,strikeout,2,1,S,CH,83,76.7,22.5,-25.4,-9.47,4.57,-1.67,2.54,0.72,-120.73,-4.25,180.6,170.2,-0.74,50,6.55,-14.04,27.6,8.4,24,1481,245,undefined,undefined,
28,h,Clear,BAL,2019-05-01,23,1,Andrew Cashner,L,Strikeout,strikeout,2,1,F,FF,93.8,86.2,28.25,-15.73,-6.25,8.68,-0.85,3.14,2.19,-136.36,-5.46,149.21,154.2,-0.84,50,6.24,-11.84,33.6,4.8,24,2218,216,undefined,undefined,
28,h,Clear,BAL,2019-05-01,23,1,Andrew Cashner,L,Strikeout,strikeout,2,2,S,CU,80.8,73.9,25.28,-42.65,8.8,-7.63,-0.21,1.81,-1.07,-117.34,-1.58,125.02,190.28,-0.89,50,6.52,12.09,15.6,13.2,24,2387,48,undefined,undefined,
28,h,Clear,BAL,2019-05-01,38,2,Andrew Cashner,L,Walk,walk,0,0,C,FF,95.4,87.5,29.56,-11.21,-5.18,10.74,-0.71,2.03,2.56,-138.5,-9.13,144.14,183.98,-0.97,50,6.11,-10.11,36,3.6,24,2274,206,undefined,undefined,
28,h,Clear,BAL,2019-05-01,38,2,Andrew Cashner,L,Walk,walk,0,1,B,CH,83.3,77,22.8,-22.1,-7.85,6.76,-2.36,1.24,-1.05,-121.1,-7.55,206.8,205.28,-0.9,50,6.32,-11.7,26.4,7.2,24,1467,233,undefined,undefined,
28,h,Clear,BAL,2019-05-01,38,2,Andrew Cashner,L,Walk,walk,1,1,B,CH,84.9,78.4,22.93,-20.05,-7.04,7.83,-0.09,1.23,3.43,-123.25,-8.19,120.5,205.65,-0.58,50,6.27,-10.9,25.2,6,24,1757,223,undefined,undefined,
28,h,Clear,BAL,2019-05-01,38,2,Andrew Cashner,L,Walk,walk,2,1,B,FF,95.2,87.4,29.36,-16.3,-4.08,8.11,-0.96,4.57,1.11,-138.64,-1.86,153.48,115.44,-0.83,50,6.33,-7.99,25.2,3.6,24,2218,206,undefined,undefined,
28,h,Clear,BAL,2019-05-01,38,2,Andrew Cashner,L,Walk,walk,3,1,*B,CH,85.2,79,23,-21.67,-9.03,6.74,0.58,0.12,5.61,-123.6,-10.35,95,235.42,-0.54,50,6.16,-14.07,28.8,7.2,24,1544,235,undefined,undefined,
28,h,Clear,BAL,2019-05-01,62,3,Gabriel Ynoa,L,Strikeout,strikeout,0,0,B,FT,94,86.5,27.66,-24.57,-10.65,4,1.05,2.21,10.39,-136.49,-3.44,76.82,179.23,-1.4,50,5.16,-20.27,36,7.2,24,2000,248,undefined,undefined,
28,h,Clear,BAL,2019-05-01,62,3,Gabriel Ynoa,L,Strikeout,strikeout,1,0,F,FT,93.4,85.8,28.12,-21.53,-10.12,5.67,0.19,2.31,8.16,-135.7,-3.66,109.69,176.31,-1.53,50,5.17,-18.98,38.4,6,24,1982,239,undefined,undefined,
28,h,Clear,BAL,2019-05-01,62,3,Gabriel Ynoa,L,Strikeout,strikeout,1,1,S,CU,79.8,74.1,20.2,-35.67,3.04,-2.55,-0.21,1.27,2.33,-116.05,-1.51,125.12,204.67,-1.62,50,5.3,4.18,7.2,10.8,24,2243,52,undefined,undefined,
28,h,Clear,BAL,2019-05-01,62,3,Gabriel Ynoa,L,Strikeout,strikeout,1,2,B,SL,83.2,76.7,23.06,-31.39,2.44,0.53,1.52,1.98,6.31,-120.98,-1.33,58.89,185.4,-1.43,50,5.28,3.62,8.4,8.4,24,2301,99,undefined,undefined,
28,h,Clear,BAL,2019-05-01,62,3,Gabriel Ynoa,L,Strikeout,strikeout,2,1,F,CU,80.2,73.8,21.56,-34.99,1.93,-2.04,-0.8,2.64,1.49,-116.6,1.18,147.55,167.58,-1.7,50,5.43,2.67,4.8,10.8,24,2303,51,undefined,undefined,
28,h,Clear,BAL,2019-05-01,62,3,Gabriel Ynoa,L,Strikeout,strikeout,2,2,B,FT,94.6,87,27.43,-17.36,-9.83,7.68,1.65,2.94,10.72,-137.3,-3.35,54.03,159.46,-1.01,50,5.34,-18.96,43.2,4.8,24,1874,229,undefined,undefined,
28,h,Clear,BAL,2019-05-01,62,3,Gabriel Ynoa,L,Strikeout,strikeout,3,1,F,FT,94.3,86.7,28.38,-23.12,-10.38,4.72,-0.92,2.11,5.29,-137.1,-3.56,152.18,181.9,-1.52,50,4.99,-19.9,38.4,6,24,2007,245,undefined,undefined,
28,h,Clear,BAL,2019-05-01,62,3,Gabriel Ynoa,L,Strikeout,strikeout,3,2,S,FT,94.7,87,28.78,-25.45,-10.86,3.48,-0.87,2.94,5.71,-137.72,-1.47,150.29,159.3,-1.55,50,5.19,-20.99,37.2,7.2,24,1947,251,undefined,undefined,
29,h,Cloudy,BOS,2019-05-02,58,0,Brandon Workman,L,Groundout,field_out,0,0,C,KC,79.2,73.3,22.13,-42.76,4.85,-7.88,0.22,2.1,2.48,-115.38,-0.51,108.55,182.19,-1.5,50,6.45,6.52,9.6,13.2,24,2541,33,0.47,6.58,
29,h,Cloudy,BOS,2019-05-02,58,0,Brandon Workman,L,Groundout,field_out,0,1,C,KC,79.8,74,22.1,-45.31,1.72,-9.61,0.41,2.28,3.78,-116.26,0.32,101.16,177.39,-1.46,50,6.45,2.35,3.6,13.2,24,2562,13,0.47,6.59,
29,h,Cloudy,BOS,2019-05-02,58,0,Brandon Workman,L,Groundout,field_out,0,2,X,KC,78.8,72.9,21.83,-44.66,3.89,-9.39,-0.23,2.3,1.64,-114.77,0.61,125.82,176.61,-1.46,50,6.39,5.17,7.2,13.2,24,2619,24,0.48,6.57,
29,h,Cloudy,BOS,2019-05-02,75,1,Ryan Brasier,L,Home Run,home_run,0,0,F,SL,83.9,77.9,21.6,-32.6,3.57,-0.28,0.51,2.91,3.44,-122.22,-0.22,97.58,160.2,-1.38,50,5.78,5.47,10.8,8.4,24,2376,87,0.45,6.43,
29,h,Cloudy,BOS,2019-05-02,75,1,Ryan Brasier,L,Home Run,home_run,0,1,E,SL,83.3,78.2,19.26,-32.82,3.43,-0.42,-0.08,2.25,1.69,-121.53,-1.63,119.99,178.35,-1.23,50,5.72,5.23,9.6,8.4,24,2535,82,0.45,6.41,
30,h,Cloudy,BOS,2019-05-03,59,0,Heath Hembree,L,Strikeout,strikeout,0,0,B,FF,94.8,87,29.13,-12.12,-5.61,10.39,0.92,2.2,9.31,-137.71,-6.06,81.88,179.25,-1.77,50,5.24,-10.82,33.6,3.6,24,2500,204,undefined,undefined,
30,h,Cloudy,BOS,2019-05-03,59,0,Heath Hembree,L,Strikeout,strikeout,1,0,F,FF,94.5,86.9,28.2,-15.01,-4.1,8.91,0.82,3.11,8.72,-137.43,-3.32,85.79,154.83,-1.85,50,5.34,-7.9,21.6,3.6,24,2468,200,undefined,undefined,
30,h,Cloudy,BOS,2019-05-03,59,0,Heath Hembree,L,Strikeout,strikeout,1,1,F,FF,94.4,86.1,30.71,-10.16,-6,11.57,0.07,1.98,7.41,-137.16,-6.84,114.39,185.09,-1.89,50,5.2,-11.41,39.6,3.6,24,2508,205,undefined,undefined,
30,h,Cloudy,BOS,2019-05-03,59,0,Heath Hembree,L,Strikeout,strikeout,1,2,S,FF,96.1,88.7,28.16,-14.42,-2.41,8.86,0.81,3.98,7.87,-139.89,-1.4,86.01,131.36,-1.71,50,5.42,-4.83,12,3.6,24,2566,190,undefined,undefined,
30,h,Cloudy,BOS,2019-05-03,77,1,Josh A. Smith,L,Single,single,0,0,C,SL,82.1,75.4,22.45,-23.58,-11.67,5.96,-0.35,1.45,8.28,-119.18,-4.28,130.31,199.57,-2.35,50,5.4,-16.82,32.4,8.4,24,1651,242,undefined,undefined,
30,h,Cloudy,BOS,2019-05-03,77,1,Josh A. Smith,L,Single,single,0,1,B,SL,85.8,79.7,22.43,-23.61,0.69,5.37,0.32,1.26,7.17,-124.76,-5.37,104.97,204.78,-2.67,50,5.36,1.1,4.8,6,24,2410,163,undefined,undefined,
30,h,Cloudy,BOS,2019-05-03,77,1,Josh A. Smith,L,Single,single,1,1,D,FF,91.5,84,27.38,-19.18,-2.81,7.2,-0.01,3.19,7.23,-133.14,-2.57,117.51,152.74,-2.39,50,5.55,-5.07,10.8,4.8,24,2129,195,undefined,undefined,
31,h,Partly Cloudy,BOS,2019-05-04,14,0,Eduardo Rodriguez,L,Single,single,0,0,B,FT,92.6,85.4,27.54,-23.45,8.92,4.73,0.87,1.08,-5.34,-134.54,-7.66,83.99,209.49,1.71,50,5.62,16.46,31.2,6,24,2267,115,undefined,undefined,
31,h,Partly Cloudy,BOS,2019-05-04,14,0,Eduardo Rodriguez,L,Single,single,1,0,D,FT,92.3,84.8,27.65,-21.78,6.77,5.67,0.18,2.56,-6.4,-134.17,-4.28,110.07,169.6,1.71,50,5.72,12.4,26.4,6,24,2241,131,undefined,undefined,
31,h,Partly Cloudy,BOS,2019-05-04,51,1,Eduardo Rodriguez,L,Strikeout,strikeout,0,0,S,FF,92.1,84.5,27.99,-15.61,3.54,9.12,-1.24,2.14,-9.23,-133.71,-6.21,164.28,181.21,1.79,50,5.6,6.44,15.6,3.6,24,2292,163,undefined,undefined,
31,h,Partly Cloudy,BOS,2019-05-04,51,1,Eduardo Rodriguez,L,Strikeout,strikeout,0,1,F,FT,91.5,83.6,28.94,-19.84,9.42,6.89,1.11,3.06,-5.08,-133.1,-3.63,74.71,156.22,1.82,50,5.88,16.87,37.2,6,24,2287,126,undefined,undefined,
31,h,Partly Cloudy,BOS,2019-05-04,51,1,Eduardo Rodriguez,L,Strikeout,strikeout,0,2,S,CH,85.5,78.7,24.97,-27.91,11.33,2.72,1.07,1.44,-5.6,-124.42,-4.91,76.39,199.89,1.87,50,5.75,17.77,30,8.4,24,2102,101,undefined,undefined,
31,h,Partly Cloudy,BOS,2019-05-04,70,2,Tyler Thornburg,L,Pop Out,field_out,0,0,B,FF,93,85.2,28.32,-11.11,-3.67,11.32,-1.07,3.27,2.6,-135.25,-5.38,157.81,150.56,-1.56,50,6.05,-6.83,27.6,2.4,24,2479,197,undefined,undefined,
31,h,Partly Cloudy,BOS,2019-05-04,70,2,Tyler Thornburg,L,Pop Out,field_out,1,0,B,CH,85,78.9,21.77,-21.73,-6.44,6.67,0.07,1.47,5.14,-123.6,-6.1,114.34,199.11,-1.19,50,5.76,-10.09,21.6,6,24,1505,223,undefined,undefined,
31,h,Partly Cloudy,BOS,2019-05-04,70,2,Tyler Thornburg,L,Pop Out,field_out,2,0,S,CH,84.6,78.3,21.91,-21.91,-6.64,6.6,-0.83,2.81,3.9,-123.24,-3.13,148.75,163.12,-1.57,50,5.92,-10.32,22.8,6,24,1385,224,undefined,undefined,
31,h,Partly Cloudy,BOS,2019-05-04,70,2,Tyler Thornburg,L,Pop Out,field_out,2,1,S,FF,94,86.1,29.07,-13.27,-5.82,9.97,0.54,3.36,7.51,-136.61,-4.64,96.51,148.11,-1.49,50,5.98,-11.04,33.6,3.6,24,2484,207,undefined,undefined,
31,h,Partly Cloudy,BOS,2019-05-04,70,2,Tyler Thornburg,L,Pop Out,field_out,2,2,B,CH,86.3,80.2,22.61,-24.47,-8.26,4.77,0.19,1.17,6.23,-125.57,-6.5,109.62,207.13,-1.23,50,5.75,-13.34,25.2,7.2,24,1491,241,undefined,undefined,
31,h,Partly Cloudy,BOS,2019-05-04,70,2,Tyler Thornburg,L,Pop Out,field_out,3,2,X,FF,93.6,85.8,28.94,-11.57,-5.43,10.98,0.19,1.95,6.33,-135.93,-8.22,109.66,186.15,-1.46,50,5.81,-10.18,33.6,3.6,24,2459,204,undefined,undefined,
32,h,Sunny,BOS,2019-05-05,12,0,Rick Porcello,L,Strikeout,strikeout,0,0,B,FF,92.3,84.9,27.6,-14.41,-7.48,9.71,0.18,1.37,7.32,-134.05,-9.01,109.97,201.78,-1.6,50,5.79,-13.68,37.2,4.8,24,2608,217,0.41,6.24,
32,h,Sunny,BOS,2019-05-05,12,0,Rick Porcello,L,Strikeout,strikeout,1,0,L,FT,91.9,84.8,26.05,-18.14,-7.17,7.68,0.05,2.89,7.15,-133.67,-4.82,115,160.82,-1.72,50,6.01,-13.11,31.2,4.8,24,2566,221,0.41,6.02,
32,h,Sunny,BOS,2019-05-05,12,0,Rick Porcello,L,Strikeout,strikeout,1,1,F,FF,91.7,84.2,27.39,-14.24,-6.42,9.91,-0.58,2.72,5.05,-133.35,-5.82,139.01,165.45,-1.66,50,5.94,-11.62,34.8,3.6,24,2505,211,0.41,5.76,
32,h,Sunny,BOS,2019-05-05,12,0,Rick Porcello,L,Strikeout,strikeout,1,2,S,FF,91.7,84.2,27.48,-15.81,-6.67,9.03,-0.69,3.33,4.46,-133.47,-4.18,143.36,149.25,-1.52,50,6.04,-12.08,33.6,4.8,24,2492,215,0.41,6.49,
32,h,Sunny,BOS,2019-05-05,30,1,Rick Porcello,L,Strikeout,strikeout,0,0,C,FF,92.2,85.3,25.85,-15.23,-6.38,9.2,-0.11,1.93,6.41,-134.09,-7.51,121.15,186.62,-1.69,50,5.83,-11.74,32.4,4.8,24,2553,213,0.41,6.18,
32,h,Sunny,BOS,2019-05-05,30,1,Rick Porcello,L,Strikeout,strikeout,0,1,S,FT,91.7,84.8,25.4,-17.87,-7.28,7.84,0.42,2.79,8.14,-133.37,-4.86,101.01,163.37,-1.71,50,5.91,-13.27,32.4,4.8,24,2584,220,0.41,6.34,
32,h,Sunny,BOS,2019-05-05,30,1,Rick Porcello,L,Strikeout,strikeout,0,2,S,FF,93.1,85.5,28.08,-16.89,-7.06,8.19,0.6,3.04,7.89,-135.4,-4.56,94.1,156.78,-1.43,50,5.92,-13.17,33.6,4.8,24,2617,218,0.4,6.43,
32,h,Sunny,BOS,2019-05-05,52,2,Brandon Workman,L,Walk,walk,0,0,C,KC,78.6,73.3,20.62,-44.12,4.48,-8.95,-0.1,1.93,2.27,-114.64,-0.24,120.87,187.03,-1.69,50,6.33,5.98,8.4,13.2,24,2506,28,0.47,6.68,
32,h,Sunny,BOS,2019-05-05,52,2,Brandon Workman,L,Walk,walk,0,1,B,FF,91.7,84.8,25.62,-13.72,-3.99,10.11,0.86,3.03,7.33,-133.49,-5.98,84.08,156.98,-1.38,50,6.27,-7.29,21.6,3.6,24,2197,198,0.4,7.15,
32,h,Sunny,BOS,2019-05-05,52,2,Brandon Workman,L,Walk,walk,1,1,B,KC,82.4,76.3,23.59,-46.5,3.59,-9.85,1.05,2.54,4.89,-119.98,0.69,76.91,170.19,-1.48,50,6.4,5.22,7.2,13.2,24,2719,23,0.46,6.51,
32,h,Sunny,BOS,2019-05-05,52,2,Brandon Workman,L,Walk,walk,2,1,B,KC,78.7,72.7,21.39,-45.87,5.24,-10.31,-0.16,3.59,2.1,-114.58,3.46,123.16,141.77,-1.77,50,6.55,6.96,9.6,14.4,24,2635,29,0.47,6.9,
32,h,Sunny,BOS,2019-05-05,52,2,Brandon Workman,L,Walk,walk,3,1,B,FF,90.5,84.1,24.17,-15.38,-2.67,9.37,-1.07,3.37,2.47,-132.07,-4.68,157.9,147.79,-1.67,50,6.27,-4.8,15.6,3.6,24,1934,195,0.4,7.47,
32,h,Sunny,BOS,2019-05-05,75,3,Colten Brewer,L,Strikeout,strikeout,0,0,B,FC,94.6,87.3,28.8,-23.98,2.17,4.25,-1.41,2.22,0.96,-137.63,-6.95,170.79,179.02,-2.05,50,6.38,4.2,9.6,6,24,2315,147,0.4,5.82,
32,h,Sunny,BOS,2019-05-05,75,3,Colten Brewer,L,Strikeout,strikeout,1,0,B,FC,92.1,84.8,27.58,-26.23,1.52,3.26,-0.26,3.79,4.61,-133.99,-2.34,126.8,136.6,-2.19,50,6.54,2.77,8.4,6,24,2183,147,0.41,5.75,
32,h,Sunny,BOS,2019-05-05,75,3,Colten Brewer,L,Strikeout,strikeout,2,0,C,FC,95.2,88.2,27.72,-20.91,1.55,5.73,0.27,2.62,5.65,-138.5,-6.5,106.78,168.09,-1.99,50,6.37,3.04,10.8,4.8,24,2301,157,0.4,5.7,
32,h,Sunny,BOS,2019-05-05,75,3,Colten Brewer,L,Strikeout,strikeout,2,1,F,FC,95.4,88.8,26.29,-23.24,0.99,4.51,0.57,2.58,6.76,-138.75,-6.12,95.26,169.17,-2.01,50,6.33,1.96,7.2,4.8,24,2260,157,0.39,6.01,
32,h,Sunny,BOS,2019-05-05,75,3,Colten Brewer,L,Strikeout,strikeout,2,2,B,FC,91.9,84.8,27.17,-28.1,2.74,2.23,-0.45,3.82,2.89,-133.89,-1.74,134,135.7,-1.89,50,6.47,5,10.8,6,24,2258,125,0.41,5.86,
32,h,Sunny,BOS,2019-05-05,75,3,Colten Brewer,L,Strikeout,strikeout,3,2,S,FC,92.4,85.7,26.17,-26.93,3.59,2.83,0.57,3.19,5.21,-134.55,-3.61,95.31,152.8,-1.85,50,6.43,6.65,15.6,6,24,2222,121,0.41,5.8,
33,a,Partly Cloudy,CLE,2019-05-06,9,0,Trevor Bauer,L,Flyout,field_out,0,0,B,FF,92.3,84.8,27.63,-12.09,-6.61,11.04,1.87,0.34,10.43,-133.71,-10.61,45.56,229.59,-1.21,50,5.22,-12.02,34.8,3.6,24,2406,208,undefined,undefined,
33,a,Partly Cloudy,CLE,2019-05-06,9,0,Trevor Bauer,L,Flyout,field_out,1,0,C,FF,93.6,85.9,28.54,-10.81,-6.48,11.36,0.02,1.7,5.75,-135.99,-7.85,116.33,192.98,-1.28,50,5.36,-12.18,42,3.6,24,2504,208,undefined,undefined,
33,a,Partly Cloudy,CLE,2019-05-06,9,0,Trevor Bauer,L,Flyout,field_out,1,1,B,CH,85.9,79.3,23.41,-19.57,-10.04,7.98,1.48,-0.19,9.56,-124.42,-9.68,60.65,243.8,-1.1,50,5.36,-15.84,33.6,6,24,2002,231,undefined,undefined,
33,a,Partly Cloudy,CLE,2019-05-06,9,0,Trevor Bauer,L,Flyout,field_out,2,1,F,FF,94.4,86.1,30.71,-12.89,-8.33,10.14,0.37,1.85,7.41,-137.12,-7.07,103.02,188.81,-1.29,50,5.34,-15.83,44.4,4.8,24,2436,218,undefined,undefined,
33,a,Partly Cloudy,CLE,2019-05-06,9,0,Trevor Bauer,L,Flyout,field_out,2,2,X,FF,94.9,87,29.48,-12.46,-5.48,10.17,-0.1,2.85,5.12,-138.03,-4.98,120.95,161.79,-1.27,50,5.51,-10.61,34.8,3.6,24,2415,206,undefined,undefined,
33,a,Partly Cloudy,CLE,2019-05-06,24,1,Trevor Bauer,L,Pop Out,field_out,0,0,X,FF,95,87.7,27.91,-13.86,-4.76,9.35,0.55,3.24,6.88,-138.39,-3.66,96.05,151.28,-1.34,50,5.49,-9.32,28.8,3.6,24,2406,204,undefined,undefined,
33,a,Partly Cloudy,CLE,2019-05-06,44,2,Trevor Bauer,L,Hit By Pitch,hit_by_pitch,0,0,C,CH,84.8,78.9,21.44,-27.87,-8.52,2.75,-0.2,1.79,5.49,-123.51,-3.34,124.47,190.32,-1.33,50,5.47,-13.34,24,8.4,24,1350,252,undefined,undefined,
33,a,Partly Cloudy,CLE,2019-05-06,44,2,Trevor Bauer,L,Hit By Pitch,hit_by_pitch,0,1,H,KC,77.8,72.2,21.41,-44.48,1.72,-9.55,2.01,0.54,6.29,-113.04,-1.88,undefined,undefined,-1.03,50,5.87,2.21,3.6,14.4,24,2228,15,undefined,undefined,
33,a,Partly Cloudy,CLE,2019-05-06,61,3,Nick Wittgren,L,Double,double,0,0,B,CH,87.5,81.3,23.18,-31.01,-8.22,0.71,1.07,1.23,10.44,-127.04,-4.9,76.07,205.53,-2,50,5.62,-13.6,20.4,8.4,24,1833,267,undefined,undefined,
33,a,Partly Cloudy,CLE,2019-05-06,61,3,Nick Wittgren,L,Double,double,1,0,F,CH,85.6,79.6,22.27,-30.55,-7.18,1.02,0.53,1.66,9.05,-124.53,-3.62,96.64,194.11,-2.19,50,5.62,-11.4,18,8.4,24,1903,263,undefined,undefined,
33,a,Partly Cloudy,CLE,2019-05-06,61,3,Nick Wittgren,L,Double,double,1,1,F,FF,93,85.6,27.56,-13.24,-3.47,10.12,-0.48,2.92,4.87,-135.41,-5.55,135.38,159.82,-1.85,50,5.92,-6.48,21.6,3.6,24,2254,196,undefined,undefined,
33,a,Partly Cloudy,CLE,2019-05-06,61,3,Nick Wittgren,L,Double,double,1,2,B,FF,90.5,83.2,25.96,-18.81,-5.2,7.54,-0.09,5.69,6.96,-131.78,2.79,120.4,85.03,-2.08,50,6,-9.22,22.8,4.8,24,2132,209,undefined,undefined,
33,a,Partly Cloudy,CLE,2019-05-06,61,3,Nick Wittgren,L,Double,double,2,2,B,SL,83.6,78.6,19.75,-32.83,0.3,-0.43,0.1,0.84,5.2,-121.77,-5.53,113.24,216.12,-2.09,50,5.92,0.45,2.4,8.4,24,2242,44,undefined,undefined,
33,a,Partly Cloudy,CLE,2019-05-06,61,3,Nick Wittgren,L,Double,double,3,1,F,FF,91.9,84.4,27.78,-14.46,-4.44,9.75,0.15,2.49,7.2,-133.7,-5.72,111.25,171.55,-1.99,50,5.69,-8.07,22.8,3.6,24,2128,201,undefined,undefined,
33,a,Partly Cloudy,CLE,2019-05-06,61,3,Nick Wittgren,L,Double,double,3,2,D,FF,91.4,84.1,26.99,-16.33,-3.91,8.8,0.08,2.46,6.77,-132.93,-5.73,114.01,172.44,-1.99,50,5.81,-7.03,18,3.6,24,2208,200,undefined,undefined,
34,a,Overcast,CLE,2019-05-07,1,0,Jefry Rodriguez,L,Pop Out,field_out,0,0,F,FT,93.5,85.2,30.98,-17.9,-9.01,7.68,-0.46,2.87,7.46,-135.82,-6.3,134.43,161.33,-2.08,50,6.47,-16.75,38.4,4.8,24,2190,229,undefined,undefined,
34,a,Overcast,CLE,2019-05-07,1,0,Jefry Rodriguez,L,Pop Out,field_out,0,1,B,CU,81.1,75.8,21.75,-39.65,5.04,-5.29,0.59,0.58,4.83,-117.99,-5.16,94.35,223.13,-2.13,50,6.44,7.14,10.8,12,24,2479,44,undefined,undefined,
34,a,Overcast,CLE,2019-05-07,1,0,Jefry Rodriguez,L,Pop Out,field_out,1,1,X,CU,80.6,75.2,19.53,-35.65,2.94,-2.47,0.36,3.16,4.88,-117.3,-0.51,103.15,153.36,-2.11,50,6.67,4.14,7.2,10.8,24,2340,56,undefined,undefined,
34,a,Overcast,CLE,2019-05-07,17,1,Jefry Rodriguez,L,Strikeout,strikeout,0,0,B,FT,93.3,86.3,26.84,-21.12,-8.99,5.9,0.9,1.58,10.76,-135.38,-8.92,82.52,196.15,-1.94,50,6.37,-16.85,33.6,6,24,2169,237,undefined,undefined,
34,a,Overcast,CLE,2019-05-07,17,1,Jefry Rodriguez,L,Strikeout,strikeout,1,0,F,FF,93.7,86,28.95,-12.62,-4.48,10.38,0.41,2.26,7.77,-136.16,-8.67,101.26,177.84,-1.89,50,6.35,-8.44,25.2,3.6,24,2456,200,undefined,undefined,
34,a,Overcast,CLE,2019-05-07,17,1,Jefry Rodriguez,L,Strikeout,strikeout,1,1,B,CU,80.2,74.7,21.46,-35.48,4.6,-2.39,1.12,1.17,5.47,-116.73,-4.68,74.38,207.05,-1.85,50,6.53,6.36,10.8,10.8,24,2380,61,undefined,undefined,
34,a,Overcast,CLE,2019-05-07,17,1,Jefry Rodriguez,L,Strikeout,strikeout,2,1,B,FT,93.9,87.1,26.12,-15.59,-8.98,8.71,0.51,0.99,9.6,-136.2,-11.48,97.53,212.12,-1.87,50,6.3,-17.1,40.8,4.8,24,2386,226,undefined,undefined,
34,a,Overcast,CLE,2019-05-07,17,1,Jefry Rodriguez,L,Strikeout,strikeout,3,1,F,FT,93.8,86,29.16,-17.08,-9.36,8.02,-0.07,2.17,7.96,-136.17,-8.22,119.55,180.1,-1.81,50,6.41,-17.62,40.8,4.8,24,2298,229,undefined,undefined,
34,a,Overcast,CLE,2019-05-07,17,1,Jefry Rodriguez,L,Strikeout,strikeout,3,2,S,FF,95.9,89.7,24.32,-12.74,-4.7,9.64,0.9,1.96,9.14,-139.41,-9.81,82.53,185.83,-1.77,50,6.31,-9.48,28.8,3.6,24,2392,203,undefined,undefined,
34,a,Overcast,CLE,2019-05-07,33,2,Jefry Rodriguez,L,Lineout,field_out,0,0,B,CU,81.3,75.1,24.26,-36.74,1.39,-3.26,0.85,0.36,6.18,-118.08,-6.44,84.61,229,-1.99,50,6.54,1.94,4.8,10.8,24,2357,29,undefined,undefined,
34,a,Overcast,CLE,2019-05-07,33,2,Jefry Rodriguez,L,Lineout,field_out,1,0,F,FF,94.6,86.8,29.33,-12.65,-5.41,10.15,0.16,3.36,7.39,-137.51,-6.26,111.08,148.06,-1.86,50,6.52,-10.41,32.4,3.6,24,2428,205,undefined,undefined,
34,a,Overcast,CLE,2019-05-07,33,2,Jefry Rodriguez,L,Lineout,field_out,1,1,F,FF,94.2,87.3,26.27,-12.9,-5.45,9.98,0.02,3.31,7.1,-137.13,-6.32,116.04,149.44,-1.87,50,6.5,-10.53,33.6,3.6,24,2450,206,undefined,undefined,
34,a,Overcast,CLE,2019-05-07,33,2,Jefry Rodriguez,L,Lineout,field_out,1,2,B,CU,80.7,74,22.86,-33.89,5.89,-1.23,-0.58,4.29,1.83,-117.47,1.58,139.17,122.86,-2.13,50,6.77,8.2,14.4,9.6,24,2307,82,undefined,undefined,
34,a,Overcast,CLE,2019-05-07,33,2,Jefry Rodriguez,L,Lineout,field_out,2,2,X,FF,96.2,88,31.62,-11.02,-4.29,10.68,0.02,2.64,6.84,-139.86,-8.34,116.25,167.46,-1.9,50,6.38,-8.5,28.8,3.6,24,2373,199,undefined,undefined,
35,a,Clear,CLE,2019-05-08,1,0,Shane Bieber,L,Single,single,0,0,L,FF,93,86,25.78,-13.99,-3.05,9.66,-0.04,2.93,4.59,-135.39,-4.65,118.39,159.77,-1.35,50,5.63,-5.74,18,3.6,24,2149,195,undefined,undefined,
35,a,Clear,CLE,2019-05-08,1,0,Shane Bieber,L,Single,single,0,1,B,CH,87.1,80.1,24.87,-26.27,-7.34,3.61,-1,3.36,3.59,-126.82,-0.45,155.14,148.19,-1.48,50,5.62,-12.01,22.8,7.2,24,1738,241,undefined,undefined,
35,a,Clear,CLE,2019-05-08,1,0,Shane Bieber,L,Single,single,1,1,T,FF,93.1,85.5,28.16,-15.39,-2.89,8.97,0.15,3.73,5.06,-135.56,-2.38,111.28,138.01,-1.36,50,5.69,-5.4,15.6,3.6,24,2168,194,undefined,undefined,
35,a,Clear,CLE,2019-05-08,1,0,Shane Bieber,L,Single,single,1,2,D,FF,93,85.7,27.13,-15.26,-3.5,9.04,0.31,2.99,5.55,-135.36,-4.3,105.19,157.93,-1.3,50,5.66,-6.55,19.2,3.6,24,2109,198,undefined,undefined,
35,a,Clear,CLE,2019-05-08,18,1,Shane Bieber,L,Strikeout,strikeout,0,0,C,CU,79,73,20.93,-45.11,4.9,-9.67,0.21,2.9,1.87,-114.87,3.02,108.95,160.44,-1.25,50,5.95,6.56,8.4,13.2,24,2380,29,undefined,undefined,
35,a,Clear,CLE,2019-05-08,18,1,Shane Bieber,L,Strikeout,strikeout,0,1,B,CH,86.5,80.3,22.29,-24.63,-7.59,4.62,-1.09,3.05,3.44,-126.14,-1.47,158.5,156.32,-1.47,50,5.6,-12.4,25.2,7.2,24,1544,237,undefined,undefined,
35,a,Clear,CLE,2019-05-08,18,1,Shane Bieber,L,Strikeout,strikeout,1,1,C,FF,93.5,86.3,26.84,-12.92,-5.43,10.15,0.34,2.51,5.67,-136.12,-5.99,103.48,171.03,-1.06,50,5.61,-10.3,33.6,3.6,24,2250,206,undefined,undefined,
35,a,Clear,CLE,2019-05-08,18,1,Shane Bieber,L,Strikeout,strikeout,1,2,S,SL,84.4,77.9,23.6,-31.13,0.49,0.68,1.07,1.72,5.32,-122.8,-3.03,76.31,192.25,-1.19,50,5.61,0.75,2.4,8.4,24,2242,111,undefined,undefined,
35,a,Clear,CLE,2019-05-08,42,2,Shane Bieber,L,Lineout,field_out,0,0,C,CH,86.1,80,21.78,-23.94,-7.39,5.08,-0.8,2.95,3.99,-125.58,-1.71,147.41,159.01,-1.43,50,5.56,-11.98,25.2,7.2,24,1690,234,undefined,undefined,
35,a,Clear,CLE,2019-05-08,42,2,Shane Bieber,L,Lineout,field_out,0,1,B,SL,84.6,79.9,18.61,-27.46,-0.19,2.99,1.34,0.36,6.1,-123.16,-7.03,65.79,229.05,-1.11,50,5.5,-0.3,1.2,7.2,24,2348,170,undefined,undefined,
35,a,Clear,CLE,2019-05-08,42,2,Shane Bieber,L,Lineout,field_out,1,1,F,FF,93.2,86.1,26.73,-14.14,-3.46,9.56,-0.99,2.98,1.7,-135.78,-4.69,154.59,158.43,-1.17,50,5.69,-6.52,22.8,3.6,24,2282,199,undefined,undefined,
35,a,Clear,CLE,2019-05-08,42,2,Shane Bieber,L,Lineout,field_out,1,2,B,CH,87.1,80.1,25.17,-25.71,-7.57,3.95,-1.15,2.58,3.03,-126.88,-2.25,160.92,169.09,-1.37,50,5.52,-12.38,24,7.2,24,1706,242,undefined,undefined,
35,a,Clear,CLE,2019-05-08,42,2,Shane Bieber,L,Lineout,field_out,2,2,X,CH,87.2,80.2,25.41,-27.05,-8.85,3.14,0.08,1.56,5.96,-126.83,-4.32,114.09,196.61,-1.15,50,5.44,-14.45,25.2,7.2,24,1651,251,undefined,undefined,
35,a,Clear,CLE,2019-05-08,56,3,Oliver Perez,L,Pop Out,field_out,0,0,B,SI,91.6,83.7,27.98,-23.51,11.52,4.83,0.27,3.5,-9.51,-133.05,-0.47,106.7,144.3,2.39,50,5.38,20.69,38.4,7.2,24,1883,115,undefined,undefined,
35,a,Clear,CLE,2019-05-08,56,3,Oliver Perez,L,Pop Out,field_out,1,0,S,SL,79,73.8,18.52,-32.59,-3.21,-0.31,-0.43,1.29,-5.97,-114.89,-1.53,133.55,204.05,2.6,50,5.09,-4.36,8.4,9.6,24,2282,274,undefined,undefined,
35,a,Clear,CLE,2019-05-08,56,3,Oliver Perez,L,Pop Out,field_out,1,1,B,SL,78.6,72.8,19.7,-32.9,-2.64,-0.54,-1.2,1.99,-7.34,-114.16,-0.23,162.79,185.14,2.39,50,5.31,-3.5,8.4,9.6,24,2134,275,undefined,undefined,
35,a,Clear,CLE,2019-05-08,56,3,Oliver Perez,L,Pop Out,field_out,2,1,B,SL,79,73.7,19.11,-32.38,-2.37,-0.16,-2,0.8,-9.26,-114.58,-2.62,193.38,217.28,2.38,50,5.09,-3.19,7.2,9.6,24,2245,274,undefined,undefined,
35,a,Clear,CLE,2019-05-08,56,3,Oliver Perez,L,Pop Out,field_out,3,1,C,SL,79.3,73.2,20.58,-34.27,-2.72,-1.55,-0.15,2.2,-5.4,-115.26,0.76,122.56,179.35,2.57,50,5.17,-3.68,7.2,10.8,24,2161,289,undefined,undefined,
35,a,Clear,CLE,2019-05-08,56,3,Oliver Perez,L,Pop Out,field_out,3,1,F,SI,92.1,84.7,27.06,-23.13,11.09,4.95,0.64,2.82,-8.38,-133.91,-2.16,92.75,162.57,2.36,50,5.28,20.27,38.4,7.2,24,2122,115,undefined,undefined,
35,a,Clear,CLE,2019-05-08,56,3,Oliver Perez,L,Pop Out,field_out,3,2,X,CH,79.1,73.3,19.43,-29.65,-4.45,1.86,1,2.86,-2.53,-115.23,1.15,78.92,161.54,2.68,50,5.2,-6.04,12,8.4,24,2265,245,undefined,undefined,
36,a,Overcast,CLE,2019-05-09,9,0,Carlos Carrasco,L,Groundout,field_out,0,0,B,CH,89.1,83.6,21.99,-32.21,-6.22,-0.02,-0.17,0.64,5.9,-129.73,-5.9,123.41,221.57,-1.64,50,5.34,-10.81,16.8,8.4,24,1364,274,0.42,6.17,
36,a,Overcast,CLE,2019-05-09,9,0,Carlos Carrasco,L,Groundout,field_out,1,0,X,SL,87,81,22.58,-29.17,-0.47,1.82,-0.4,1.89,3.14,-126.79,-3.13,132.24,187.73,-1.59,50,5.43,-0.77,0,7.2,24,2722,184,0.43,6.04,
36,a,Overcast,CLE,2019-05-09,35,1,Carlos Carrasco,L,Flyout,field_out,0,0,C,FF,92.6,84.7,29.42,-14.93,-7.82,9.4,0.01,1.99,6.7,-134.67,-6.58,116.68,185.01,-1.5,50,5.52,-14.36,38.4,4.8,24,2432,218,0.41,6.41,
36,a,Overcast,CLE,2019-05-09,35,1,Carlos Carrasco,L,Flyout,field_out,0,1,X,CH,87.6,81.3,23.24,-31.73,-4.91,0.26,-0.33,2.33,4.86,-127.58,-1.88,129.42,175.76,-1.61,50,5.55,-8.19,13.2,8.4,24,1296,267,0.43,6.22,
37,a,Roof Closed,TOR,2019-05-10,11,0,Thomas Pannone,L,Single,single,0,0,B,FF,90.8,82.8,28.73,-16.51,7.83,8.87,1.69,3.03,-3.35,-132.22,-2.01,52.64,156.93,1.96,50,5.02,13.83,37.2,4.8,24,2207,139,0.41,6.51,
37,a,Roof Closed,TOR,2019-05-10,11,0,Thomas Pannone,L,Single,single,1,0,F,FF,91,83,28.13,-18.64,8.81,7.64,-0.49,3.26,-9.07,-132.23,-1.1,135.69,150.88,1.84,50,5.04,15.6,36,4.8,24,2215,134,0.41,6.6,
37,a,Roof Closed,TOR,2019-05-10,11,0,Thomas Pannone,L,Single,single,1,1,D,FF,89.9,81.7,28.79,-18.23,8.12,8.1,0.29,2.61,-7.16,-130.66,-2.37,105.81,168.33,2.02,50,4.91,13.97,33.6,4.8,24,2220,137,0.42,6.37,
37,a,Roof Closed,TOR,2019-05-10,28,1,Sam Gaviglio,L,Groundout,field_out,0,0,C,SI,88.9,80.3,30.48,-23.53,-9.83,5.19,0.9,2.85,7.92,-129.23,-2.16,82.63,161.75,-0.95,50,5.53,-16.39,31.2,7.2,24,2163,239,0.42,6.52,
37,a,Roof Closed,TOR,2019-05-10,28,1,Sam Gaviglio,L,Groundout,field_out,0,1,S,CH,84.5,76.9,25.7,-17.3,-6.57,9.82,0.92,1.46,6.64,-122.68,-5.96,81.93,199.38,-0.98,50,5.41,-9.95,25.2,6,24,1452,211,0.45,6.21,
37,a,Roof Closed,TOR,2019-05-10,28,1,Sam Gaviglio,L,Groundout,field_out,0,2,B,SL,84.5,77.7,25.57,-28.28,-0.89,2.56,1.07,0.04,5.31,-122.84,-7.08,76.28,237.81,-1.01,50,5.38,-1.35,1.2,8.4,24,2226,185,0.45,6.2,
37,a,Roof Closed,TOR,2019-05-10,28,1,Sam Gaviglio,L,Groundout,field_out,1,2,X,SL,85.1,77.4,27.16,-27.7,-0.66,2.91,-0.3,1.97,2.42,-123.78,-3.14,128.31,185.59,-1.21,50,5.6,-1.01,1.2,7.2,24,2207,186,0.45,6.1,
37,a,Roof Closed,TOR,2019-05-10,45,2,Tim Mayza,L,Strikeout,strikeout,0,0,S,FT,95.4,87.6,30.17,-19.17,10.82,6.66,0.76,1.92,-6.45,-138.63,-8.07,87.88,187.11,1.71,50,6.14,21.12,43.2,6,24,2316,120,0.39,6.42,
37,a,Roof Closed,TOR,2019-05-10,45,2,Tim Mayza,L,Strikeout,strikeout,0,1,S,FT,95,87,30.88,-16.83,9.16,7.96,0.46,1.61,-6.84,-137.99,-9.17,99.36,195.23,1.79,50,6.11,17.66,40.8,4.8,24,2283,129,0.4,6.46,
37,a,Roof Closed,TOR,2019-05-10,45,2,Tim Mayza,L,Strikeout,strikeout,0,2,*B,SL,90,83.3,25.91,-26.2,1.18,3.44,-1.58,0.77,-10.3,-130.56,-7.3,177.27,217.87,2.25,50,5.56,2.04,0,6,24,2239,179,0.42,6.36,
37,a,Roof Closed,TOR,2019-05-10,45,2,Tim Mayza,L,Strikeout,strikeout,1,2,S,SL,89.9,82.2,29.18,-26.42,0.93,3.34,-0.12,1.68,-6.96,-130.8,-4.9,121.52,193.22,2.46,50,5.57,1.6,0,6,24,2180,179,0.42,6.68,
37,a,Roof Closed,TOR,2019-05-10,67,3,Ken Giles,L,Strikeout,strikeout,0,0,B,FF,98.4,89.8,32.46,-10.91,-6.29,10.25,-1.39,4.19,4.7,-143.01,-2.64,169.81,125.71,-2.23,50,5.81,-13.05,45.6,3.6,24,2317,209,0.39,5.32,
37,a,Roof Closed,TOR,2019-05-10,67,3,Ken Giles,L,Strikeout,strikeout,1,0,T,FF,98.3,89.8,31.79,-9.62,-6.88,10.91,-0.45,2.77,7.3,-142.65,-6.43,134.23,163.95,-2.15,50,5.66,-14.22,49.2,3.6,24,2467,210,0.39,5.47,
37,a,Roof Closed,TOR,2019-05-10,67,3,Ken Giles,L,Strikeout,strikeout,1,1,S,FF,99.3,90.6,32.53,-7.9,-6.62,11.53,0.82,3.29,10.51,-143.96,-5.45,85.71,149.81,-2.01,50,5.7,-13.92,51.6,2.4,24,2463,206,0.39,5.57,
37,a,Roof Closed,TOR,2019-05-10,67,3,Ken Giles,L,Strikeout,strikeout,1,2,S,SL,89.5,82.8,25.49,-29.58,-1.54,1.5,-0.8,1.74,4.48,-130.16,-4.47,147.38,191.83,-2.34,50,5.71,-2.65,3.6,7.2,24,2274,221,0.43,5.39,
38,a,Roof Closed,TOR,2019-05-11,14,0,Marcus Stroman,L,Groundout,field_out,0,0,B,SL,83.1,77,20.8,-28.14,6.46,2.69,-1.24,2.91,-0.5,-120.94,-0.21,164.28,160.16,-1.87,50,5.44,9.68,19.2,8.4,24,2424,113,0.46,5.12,
38,a,Roof Closed,TOR,2019-05-11,14,0,Marcus Stroman,L,Groundout,field_out,1,0,C,FC,90.5,83.2,27.1,-23.98,-1.19,4.66,0.19,1.96,5.54,-131.62,-3.83,109.73,185.83,-1.79,50,5.21,-2.1,2.4,6,24,2349,187,0.42,5.54,
38,a,Roof Closed,TOR,2019-05-11,14,0,Marcus Stroman,L,Groundout,field_out,1,1,X,FT,91.9,84.8,26.66,-26.2,-8.2,3.27,-0.57,2.06,5.54,-133.69,-3.46,138.72,183.13,-1.59,50,5.24,-14.96,27.6,7.2,24,2236,248,0.41,5.6,
38,a,Roof Closed,TOR,2019-05-11,32,1,Marcus Stroman,L,Groundout,field_out,0,0,B,FT,92.4,84.7,28.79,-28.61,-9.6,1.95,-1.69,2.53,2.87,-134.37,-1.98,181.57,170.43,-1.53,50,5.31,-17.57,30,7.2,24,2409,258,0.42,5.34,
38,a,Roof Closed,TOR,2019-05-11,32,1,Marcus Stroman,L,Groundout,field_out,1,0,X,FC,90.9,83.7,26.34,-24.54,-0.65,4.28,0.94,3.21,6.49,-132.24,-0.81,81.12,152.24,-1.45,50,5.31,-1.16,0,6,24,2397,179,0.42,5.92,
38,a,Roof Closed,TOR,2019-05-11,48,2,Marcus Stroman,L,Single,single,0,0,B,FT,93.1,85.1,29.56,-20.77,-6.99,6.16,0.21,1.5,6.99,-135.2,-5.7,108.87,198.31,-1.5,50,5.09,-12.94,27.6,6,24,2431,227,0.41,5.93,
38,a,Roof Closed,TOR,2019-05-11,48,2,Marcus Stroman,L,Single,single,1,0,S,FC,91.5,84.4,26.54,-25.51,0.48,3.69,1.42,2.32,7.37,-132.99,-2.94,62.78,176.12,-1.44,50,5.28,0.87,4.8,6,24,2544,159,0.42,5.69,
38,a,Roof Closed,TOR,2019-05-11,48,2,Marcus Stroman,L,Single,single,1,1,E,FC,91.1,83.9,26.53,-27.16,0.56,2.79,0.32,3.55,4.7,-132.6,0.47,104.73,142.91,-1.54,50,5.34,1,3.6,6,24,2509,160,0.42,5.58,
40,h,Clear,CLE,2019-05-13,12,0,Shane Bieber,L,Strikeout,strikeout,0,0,C,FF,92.9,84.5,30.6,-9.78,-6.13,12.18,-0.29,2.22,4.32,-135.03,-7.1,128.07,178.81,-1.12,50,5.58,-11.26,42,3.6,24,2250,206,0.41,6.16,
40,h,Clear,CLE,2019-05-13,12,0,Shane Bieber,L,Strikeout,strikeout,0,1,B,CH,87.9,80.3,28.32,-29.42,-12.5,1.68,-1.05,1.53,4.8,-127.86,-4.38,156.92,197.54,-1.33,50,5.6,-20.52,32.4,8.4,24,1779,264,0.43,6.56,
40,h,Clear,CLE,2019-05-13,12,0,Shane Bieber,L,Strikeout,strikeout,1,1,B,FF,93.2,84.5,31.92,-9.81,-3.89,12.15,1.11,2.71,6.78,-135.41,-5.94,74.7,165.58,-0.93,50,5.63,-7.16,26.4,2.4,24,2285,194,0.41,6.35,
40,h,Clear,CLE,2019-05-13,12,0,Shane Bieber,L,Strikeout,strikeout,2,1,S,CH,88,80,27.99,-22.41,-11.29,5.93,-0.08,2.65,6.45,-127.91,-2.87,120.03,167.22,-1.17,50,5.56,-18.58,37.2,7.2,24,1447,241,0.43,6.38,
40,h,Clear,CLE,2019-05-13,12,0,Shane Bieber,L,Strikeout,strikeout,2,2,C,FF,93.7,86,29.14,-11.19,-5.66,11.13,-0.33,1.57,4,-136.25,-8.6,129.7,196.5,-1.08,50,5.53,-10.68,37.2,3.6,24,2276,206,0.4,6.59,
40,h,Clear,CLE,2019-05-13,30,1,Shane Bieber,L,Flyout,field_out,0,0,C,KC,81.8,74.9,25.36,-42.17,3.82,-7.05,0.68,1.67,2.86,-118.99,-0.39,91.01,193.82,-1.04,50,5.69,5.42,8.4,12,24,2460,31,0.47,5.98,
40,h,Clear,CLE,2019-05-13,30,1,Shane Bieber,L,Flyout,field_out,0,1,B,FF,93.1,85,30.21,-9.61,-6.42,12.18,-0.39,1.51,4.04,-135.42,-8.74,131.68,198.13,-1.06,50,5.45,-11.9,43.2,3.6,24,2456,207,0.4,6.62,
40,h,Clear,CLE,2019-05-13,30,1,Shane Bieber,L,Flyout,field_out,1,1,B,KC,82.9,76.3,26,-44.86,2.69,-8.74,1.34,0.14,4.85,-120.48,-3.4,65.89,235.01,-1.06,50,5.58,3.91,6,13.2,24,2455,20,0.46,6.04,
40,h,Clear,CLE,2019-05-13,30,1,Shane Bieber,L,Flyout,field_out,2,1,X,KC,81.1,74.2,23.63,-43.62,3.05,-8.18,-0.6,3.14,0.31,-117.89,3.17,139.85,154.03,-1.13,50,5.83,4.26,6,12,24,2171,22,0.47,5.91,
40,h,Clear,CLE,2019-05-13,49,2,Shane Bieber,L,Groundout,field_out,0,0,S,SL,85.2,77.5,28.24,-28.42,1.26,2.45,0.94,1.19,4.5,-123.94,-4.59,81.23,206.59,-1.07,50,5.48,1.93,6,8.4,24,2516,135,0.44,6.31,
40,h,Clear,CLE,2019-05-13,49,2,Shane Bieber,L,Groundout,field_out,0,1,B,SL,85.2,78.8,24.32,-29.84,1.54,1.5,1.27,0.68,5.21,-123.94,-5.61,68.53,220.29,-1.05,50,5.46,2.4,6,8.4,24,2437,113,0.44,6.38,
40,h,Clear,CLE,2019-05-13,49,2,Shane Bieber,L,Groundout,field_out,1,1,F,FF,93.3,84.6,32.08,-11.99,-4.79,10.9,-0.78,3.49,2.57,-135.8,-3.36,146.67,144.75,-1.12,50,5.58,-8.86,32.4,3.6,24,2339,202,0.41,6.2,
40,h,Clear,CLE,2019-05-13,49,2,Shane Bieber,L,Groundout,field_out,1,2,B,KC,83.4,76,28.47,-43.88,4.09,-8.07,0.69,0.08,2.92,-121.05,-3.75,90.64,236.68,-1.07,50,5.57,5.94,8.4,13.2,24,2349,28,0.46,5.45,
40,h,Clear,CLE,2019-05-13,49,2,Shane Bieber,L,Groundout,field_out,2,2,X,KC,82.1,74.4,26.29,-43.92,4.21,-8.29,-0.94,3.36,-0.72,-119.24,3.53,152.83,148.15,-1.18,50,5.87,5.97,7.2,12,24,2183,28,0.47,5.58,
41,h,Sunny,CLE,2019-05-14,4,0,Carlos Carrasco,L,Strikeout,strikeout,0,0,T,FF,93.7,85.6,29.86,-17.07,-9.04,8.02,-0.79,3.28,5.42,-136.31,-3.14,147.19,150.51,-1.63,50,5.63,-17.02,42,4.8,24,2052,227,0.4,6.12,
41,h,Sunny,CLE,2019-05-14,4,0,Carlos Carrasco,L,Strikeout,strikeout,0,1,F,FF,93.5,84.6,32.62,-15.43,-9.95,9.04,-1.11,3.21,4.79,-135.95,-3.23,159.17,152.07,-1.61,50,5.5,-18.43,46.8,4.8,24,2099,226,0.41,5.96,
41,h,Sunny,CLE,2019-05-14,4,0,Carlos Carrasco,L,Strikeout,strikeout,0,2,B,FF,95,86.2,32.85,-19.6,-7.49,6.55,-1.46,3.94,3.07,-138.21,-1.32,172.54,132.47,-1.61,50,5.75,-14.39,34.8,4.8,24,2354,227,0.4,6.07,
41,h,Sunny,CLE,2019-05-14,4,0,Carlos Carrasco,L,Strikeout,strikeout,1,1,F,SL,84.6,77.9,23.82,-33.92,0.63,-1.14,0.16,2.6,3.9,-123.05,-0.48,110.57,168.99,-1.52,50,5.66,0.97,2.4,8.4,24,2615,47,0.45,5.86,
41,h,Sunny,CLE,2019-05-14,4,0,Carlos Carrasco,L,Strikeout,strikeout,1,2,B,FT,93.7,84.8,33.68,-22.26,-10.26,5.34,-2.49,3.13,1.27,-136.36,-2.57,211.75,154.46,-1.63,50,5.64,-19.06,39.6,6,24,2275,242,0.4,6.3,
41,h,Sunny,CLE,2019-05-14,4,0,Carlos Carrasco,L,Strikeout,strikeout,2,2,S,CH,87.9,80.8,27.01,-32.48,-6.74,-0.19,-0.15,0.94,5.89,-127.9,-5.13,122.83,213.44,-1.61,50,5.52,-11.14,16.8,8.4,24,1465,276,0.43,6.45,
41,h,Sunny,CLE,2019-05-14,20,1,Carlos Carrasco,L,Single,single,0,0,B,SL,85.8,79.3,24.32,-29.25,-1.76,1.86,1.72,0.43,7.94,-124.64,-5.89,51.58,227.04,-1.28,50,5.24,-2.78,2.4,7.2,24,2693,211,0.44,6.12,
41,h,Sunny,CLE,2019-05-14,20,1,Carlos Carrasco,L,Single,single,1,0,F,SL,85.6,79.4,22.74,-29.06,0.66,1.96,0.21,2.33,4.22,-124.7,-1.79,108.85,175.84,-1.58,50,5.43,1.05,3.6,7.2,24,2615,148,0.44,6.33,
41,h,Sunny,CLE,2019-05-14,20,1,Carlos Carrasco,L,Single,single,1,1,S,SL,83.9,77.3,24.33,-34.6,1.71,-1.61,0.65,1.59,4.76,-122.07,-2,92.41,195.77,-1.55,50,5.4,2.58,6,9.6,24,2637,53,0.45,6.19,
41,h,Sunny,CLE,2019-05-14,20,1,Carlos Carrasco,L,Single,single,1,2,B,FF,93.5,84.3,34.02,-13.86,-8.03,9.99,-0.54,1.27,5.31,-135.62,-8.29,137.69,204.44,-1.5,50,5.37,-14.72,39.6,4.8,24,2333,219,0.41,5.99,
41,h,Sunny,CLE,2019-05-14,20,1,Carlos Carrasco,L,Single,single,2,2,D,FF,93,84.5,31.86,-17.91,-6.91,7.74,-0.96,3.04,3.43,-135.45,-3.33,153.67,156.71,-1.35,50,5.55,-12.73,32.4,4.8,24,2153,221,0.4,6.81,
41,h,Sunny,CLE,2019-05-14,40,2,Carlos Carrasco,L,Strikeout,strikeout,0,0,B,CH,89.3,82.2,26.94,-32.65,-5.15,-0.28,1.72,1.09,9.19,-129.71,-4.49,51.37,209.37,-1.2,50,5.33,-8.79,12,8.4,24,1505,279,0.42,6.3,
41,h,Sunny,CLE,2019-05-14,40,2,Carlos Carrasco,L,Strikeout,strikeout,1,0,S,CH,89.1,82,26.96,-31.99,-7.36,0.11,0.26,0.91,6.67,-129.51,-4.96,106.99,214.06,-1.39,50,5.3,-12.51,19.2,8.4,24,1577,273,0.42,6.31,
41,h,Sunny,CLE,2019-05-14,40,2,Carlos Carrasco,L,Strikeout,strikeout,1,1,B,SL,87.4,80.4,26.44,-31.25,-0.04,0.56,1.22,1.05,6.38,-127.07,-4.62,70.38,210.35,-1.32,50,5.38,-0.06,2.4,8.4,24,2778,99,0.43,6.23,
41,h,Sunny,CLE,2019-05-14,40,2,Carlos Carrasco,L,Strikeout,strikeout,2,1,B,SL,86.6,80.2,24.2,-30.02,-1.16,1.34,1.36,0.86,7.13,-125.95,-5.08,65.06,215.61,-1.35,50,5.31,-1.88,1.2,7.2,24,2799,199,0.44,6.15,
41,h,Sunny,CLE,2019-05-14,40,2,Carlos Carrasco,L,Strikeout,strikeout,3,1,S,FF,95.2,86.5,32.72,-15.11,-7.63,8.85,0.12,2.44,6.36,-138.39,-5.32,112.46,172.8,-1.22,50,5.41,-14.7,38.4,4.8,24,2341,219,0.4,6.19,
41,h,Sunny,CLE,2019-05-14,40,2,Carlos Carrasco,L,Strikeout,strikeout,3,1,F,FF,95.2,87,31.53,-16.56,-8.8,8.06,-0.04,2.05,6.33,-138.5,-6.05,118.37,183.27,-1.21,50,5.38,-17.06,40.8,4.8,24,2371,227,0.39,6.59,
41,h,Sunny,CLE,2019-05-14,40,2,Carlos Carrasco,L,Strikeout,strikeout,3,2,S,SL,86.6,79.7,25.41,-32.4,0.67,-0.14,1.4,2.3,6.66,-125.98,-1.26,63.83,176.71,-1.37,50,5.42,1.08,3.6,8.4,24,2833,84,0.43,6.4,
41,h,Sunny,CLE,2019-05-14,65,3,Oliver Perez,L,Strikeout,strikeout,0,0,C,SI,92.9,84.8,29.79,-24.29,12.07,4.3,0.17,1.39,-9.9,-134.7,-5.28,110.68,201.22,2.32,50,5.1,22.13,38.4,7.2,24,2133,109,0.41,5.94,
41,h,Sunny,CLE,2019-05-14,65,3,Oliver Perez,L,Strikeout,strikeout,0,1,C,SI,92.4,84.4,28.75,-24.53,11.7,4.2,-0.08,2.17,-10.48,-134.04,-3.08,120.1,180.12,2.36,50,5.08,21.31,37.2,7.2,24,2248,110,0.41,5.97,
41,h,Sunny,CLE,2019-05-14,65,3,Oliver Perez,L,Strikeout,strikeout,0,2,S,SL,79.6,73.4,21,-31.98,-5.59,0.14,-0.05,2.36,-4.6,-115.73,0.71,118.95,174.88,2.69,50,5.11,-7.61,14.4,9.6,24,2228,265,0.48,5.29,
42,h,Partly Cloudy,TOR,2019-05-16,9,0,Marcus Stroman,L,Groundout,field_out,0,0,C,SL,84.9,78.9,21.46,-31.98,8.31,0.12,-0.53,2.35,0.25,-123.56,-0.88,136.99,175.53,-1.71,50,5.36,13.02,21.6,8.4,24,2487,91,0.45,5.15,
42,h,Partly Cloudy,TOR,2019-05-16,9,0,Marcus Stroman,L,Groundout,field_out,0,1,X,FC,90.9,84.2,24.54,-27.05,1.72,2.85,0.28,3.43,4.37,-132.31,0.09,106.41,146.18,-1.61,50,5.36,3.1,8.4,6,24,2519,144,0.42,5.46,
42,h,Partly Cloudy,TOR,2019-05-16,29,1,Marcus Stroman,L,Single,single,0,0,F,SL,84.5,78.2,23.2,-33.33,7.86,-0.75,0.2,2.11,1.81,-123,-1.17,109.34,181.69,-1.57,50,5.41,12.1,20.4,9.6,24,2958,84,0.45,5.21,
42,h,Partly Cloudy,TOR,2019-05-16,29,1,Marcus Stroman,L,Single,single,0,1,B,CH,86.8,79.6,25.73,-24.43,-9.89,4.83,0.81,0.07,8.37,-125.85,-7.61,85.95,236.87,-1.27,50,5.11,-15.85,28.8,7.2,24,2215,245,0.44,5.98,
42,h,Partly Cloudy,TOR,2019-05-16,29,1,Marcus Stroman,L,Single,single,1,1,C,FC,90.9,84.5,23.95,-23.74,-0.24,4.67,-0.7,2.25,2.86,-132.39,-3.33,143.57,177.99,-1.75,50,5.23,-0.43,0,6,24,2818,179,0.42,5.43,
42,h,Partly Cloudy,TOR,2019-05-16,29,1,Marcus Stroman,L,Single,single,1,2,D,FC,92.8,86.1,25.24,-21.97,-0.25,5.44,0.44,2.69,4.54,-135.06,-3.03,100.07,166.13,-1.22,50,5.35,-0.46,1.2,4.8,24,2726,177,0.41,5.5,
42,h,Partly Cloudy,TOR,2019-05-16,46,2,Marcus Stroman,L,Single,single,0,0,S,FT,92.5,85,28.06,-24.2,-9.14,4.34,0.11,1.41,6.78,-134.41,-5.42,112.93,200.67,-1.26,50,5.16,-16.79,31.2,6,24,2402,245,0.41,5.75,
42,h,Partly Cloudy,TOR,2019-05-16,46,2,Marcus Stroman,L,Single,single,0,1,B,CH,84.1,77.2,23.32,-21.72,-9.67,6.9,-0.17,1.5,5.75,-122.11,-4.5,123.58,198.18,-1.3,50,5.23,-14.65,31.2,7.2,24,1924,233,0.45,5.52,
42,h,Partly Cloudy,TOR,2019-05-16,46,2,Marcus Stroman,L,Single,single,1,1,B,FT,93.3,85.8,28.78,-25.02,-8.83,3.83,-0.22,1.44,6.08,-135.63,-5.62,125.41,199.76,-1.34,50,5.28,-16.5,30,6,24,2444,247,0.41,5.7,
42,h,Partly Cloudy,TOR,2019-05-16,46,2,Marcus Stroman,L,Single,single,2,1,F,FC,92.2,84.7,27.42,-24.03,-1.38,4.44,-0.63,3.06,3.2,-134.15,-1.42,141.17,155.97,-1.66,50,5.29,-2.52,4.8,4.8,24,2644,192,0.41,5.48,
42,h,Partly Cloudy,TOR,2019-05-16,46,2,Marcus Stroman,L,Single,single,2,2,D,FT,93.5,86.3,27.06,-26.74,-7.11,2.87,-0.35,2.9,5.01,-136,-1.84,130.27,160.66,-1.28,50,5.42,-13.45,25.2,6,24,2430,246,0.41,5.53,
42,h,Partly Cloudy,TOR,2019-05-16,63,3,Derek Law,L,Strikeout,strikeout,0,0,B,CU,76.9,71.9,18.99,-35.24,2.64,-2.4,-0.15,0.66,-0.08,-111.99,-4.87,122.8,220.83,-0.46,50,6.45,3.38,4.8,12,24,1826,42,0.49,5.85,
42,h,Partly Cloudy,TOR,2019-05-16,63,3,Derek Law,L,Strikeout,strikeout,1,0,B,SL,85,79.5,24,-36.56,0.62,-2.85,1.34,-1.93,4.27,-123.24,-11.92,65.78,291.05,-0.49,50,6.04,0.95,2.4,9.6,24,2324,15,0.45,5.98,
42,h,Partly Cloudy,TOR,2019-05-16,63,3,Derek Law,L,Strikeout,strikeout,2,0,C,FF,93.8,86.8,27.26,-14.92,-2.5,9.06,-0.32,1.5,1.73,-136.45,-9.78,129.23,198.39,-0.64,50,6.13,-4.77,14.4,3.6,24,2179,195,0.4,6.54,
42,h,Partly Cloudy,TOR,2019-05-16,63,3,Derek Law,L,Strikeout,strikeout,2,1,S,SL,84.4,78.2,24.4,-36.47,0.77,-2.81,0.18,0.72,2.11,-122.77,-5.85,110.14,219.26,-0.79,50,6.24,1.18,2.4,9.6,24,2308,17,0.45,6.21,
42,h,Partly Cloudy,TOR,2019-05-16,63,3,Derek Law,L,Strikeout,strikeout,2,2,T,CH,86,78.7,26,-23.69,-8.69,5.36,-1.22,2.81,1.79,-125.21,-3.53,163.33,162.72,-0.81,50,6.19,-13.75,28.8,7.2,24,1991,239,0.44,6.42,
43,h,Cloudy,TOR,2019-05-17,15,0,Aaron Sanchez,L,Strikeout,strikeout,0,0,B,CU,78,70.9,23.25,-43.62,7.33,-8.94,-1.66,3.46,-1.46,-113.21,3.81,180.44,145.44,-1.96,50,6.16,9.38,12,14.4,24,2828,41,0.49,5.48,
43,h,Cloudy,TOR,2019-05-17,15,0,Aaron Sanchez,L,Strikeout,strikeout,1,0,T,FT,95.6,87.3,31.15,-18.26,-10.19,7.13,-0.26,2.67,7.75,-138.85,-5.2,126.8,166.88,-1.76,50,5.78,-19.89,43.2,6,24,2366,234,0.4,6.16,
43,h,Cloudy,TOR,2019-05-17,15,0,Aaron Sanchez,L,Strikeout,strikeout,1,1,S,CH,91.3,83.9,28.11,-22.23,-11.59,5.57,-0.8,0.97,6.81,-132.71,-7.49,147.39,212.53,-1.89,50,5.45,-20.7,39.6,7.2,24,1985,245,0.41,6.5,
43,h,Cloudy,TOR,2019-05-17,15,0,Aaron Sanchez,L,Strikeout,strikeout,1,2,B,CH,91,83.5,28.64,-29.56,-11.81,1.48,-0.48,0.95,7.46,-132.18,-6.21,135.27,213.26,-1.81,50,5.5,-20.85,32.4,8.4,24,1744,265,0.42,6.22,
43,h,Cloudy,TOR,2019-05-17,15,0,Aaron Sanchez,L,Strikeout,strikeout,2,1,F,FF,96.5,87.8,33.05,-12.18,-8.47,10.08,-0.25,2.91,7.24,-140.26,-5.61,126.64,160.42,-1.77,50,5.73,-16.81,48,3.6,24,2381,218,0.39,6.59,
43,h,Cloudy,TOR,2019-05-17,15,0,Aaron Sanchez,L,Strikeout,strikeout,2,2,S,CU,77.7,70.9,24.56,-43.21,7.94,-8.71,-0.09,1.64,1.6,-113.03,0.18,120.12,194.88,-1.84,50,5.97,10.06,13.2,14.4,24,2853,44,0.49,6.23,
43,h,Cloudy,TOR,2019-05-17,37,1,Aaron Sanchez,L,Walk,walk,0,0,C,FF,90.3,82.9,26.93,-17.32,-9.59,8.48,-1.14,2.23,4.55,-131.28,-5.91,160.37,178.58,-1.65,50,5.8,-16.79,40.8,6,24,2192,228,0.42,6.1,
43,h,Cloudy,TOR,2019-05-17,37,1,Aaron Sanchez,L,Walk,walk,0,1,B,CH,84.6,77.6,24.93,-28.55,-11.28,2.37,-1.76,2.29,3.7,-123.13,-2.42,184,176.87,-1.82,50,5.71,-17.28,30,8.4,24,1879,258,0.45,6.2,
43,h,Cloudy,TOR,2019-05-17,37,1,Aaron Sanchez,L,Walk,walk,1,1,B,CH,85.8,79.3,23.91,-26.9,-11.72,3.35,0.18,-0.01,8.21,-124.49,-8.11,110.05,238.96,-1.63,50,5.5,-18.47,31.2,8.4,24,1829,256,0.44,6.07,
43,h,Cloudy,TOR,2019-05-17,37,1,Aaron Sanchez,L,Walk,walk,2,1,B,FF,91.5,83.3,29.4,-15.66,-7.35,9.23,-1.12,4.09,4.04,-133.16,-1.96,159.83,128.25,-1.71,50,5.98,-13.16,37.2,4.8,24,2210,216,0.41,6.1,
43,h,Cloudy,TOR,2019-05-17,37,1,Aaron Sanchez,L,Walk,walk,3,1,B,FF,92.2,84.2,29.19,-17.44,-8.21,8.09,-1.63,4.2,2.87,-134.17,-1.35,179.24,125.47,-1.65,50,5.95,-14.96,38.4,4.8,24,2321,224,0.41,6.16,
43,h,Cloudy,TOR,2019-05-17,55,2,Sam Gaviglio,L,Groundout,field_out,0,0,C,SI,87.6,80.4,25.57,-26.26,-9.47,3.58,0.56,3.38,6.15,-127.54,-0.52,95.34,147.56,-0.65,50,5.65,-15.63,28.8,7.2,24,2101,247,0.43,6.4,
43,h,Cloudy,TOR,2019-05-17,55,2,Sam Gaviglio,L,Groundout,field_out,0,1,X,CH,81.5,75.2,22.23,-30.13,-8.85,1.43,-0.57,2.07,3.1,-118.71,-1.8,138.75,183.24,-0.74,50,5.57,-12.66,21.6,9.6,24,1381,260,0.46,6.09,
43,h,Cloudy,TOR,2019-05-17,79,3,Javy Guerra,L,Flyout,field_out,0,0,B,FF,88.7,81.2,26.39,-10.28,-2.95,13.01,-1.15,2.46,-0.24,-128.81,-8.51,160.9,172.25,-0.67,50,6.6,-4.96,22.8,3.6,24,2052,193,0.43,5.68,
43,h,Cloudy,TOR,2019-05-17,79,3,Javy Guerra,L,Flyout,field_out,1,0,X,FF,88.3,80.5,27.14,-11.92,-3.46,12.2,-0.32,2.61,1.76,-128.2,-7.7,129.24,168.63,-0.57,50,6.59,-5.75,21.6,3.6,24,2003,195,0.43,5.56,
45,h,Cloudy,TOR,2019-05-19,11,0,Trent Thornton,L,Lineout,field_out,0,0,C,CU,74.2,68.5,17.98,-40.62,11.41,-7.17,-0.57,3.41,-1.77,-107.68,4.29,138.65,147.03,-1.22,50,5.87,13.45,18,14.4,24,2765,60,0.52,4.91,
45,h,Cloudy,TOR,2019-05-19,11,0,Trent Thornton,L,Lineout,field_out,0,1,B,SL,79.8,74.6,18.54,-40.77,6.09,-6.19,-1.12,2.55,-2.11,-116.17,1.37,159.81,169.84,-1,50,5.79,8.46,10.8,12,24,3062,45,0.48,5.22,
45,h,Cloudy,TOR,2019-05-19,11,0,Trent Thornton,L,Lineout,field_out,1,1,S,FC,92.2,84,30.09,-22.18,1.33,5.5,-0.33,3.62,2.7,-134.21,-0.02,129.69,141.17,-1.53,50,5.21,2.42,7.2,4.8,24,2364,163,0.41,5.95,
45,h,Cloudy,TOR,2019-05-19,11,0,Trent Thornton,L,Lineout,field_out,1,2,B,FF,91.7,83.8,28.45,-22.85,0.18,5.17,0.28,4.18,4.3,-133.35,1.57,106.44,125.8,-1.38,50,5.23,0.33,3.6,4.8,24,2344,172,0.42,5.72,
45,h,Cloudy,TOR,2019-05-19,11,0,Trent Thornton,L,Lineout,field_out,2,2,B,SL,80.7,74.2,23.46,-38.39,8.71,-4.49,0.53,1.01,1.84,-117.31,-1.26,96.94,211.42,-1.4,50,5.15,12.06,18,12,24,3016,63,0.48,5.16,
45,h,Cloudy,TOR,2019-05-19,11,0,Trent Thornton,L,Lineout,field_out,3,2,X,FF,93.5,86,28.04,-17.79,-0.45,7.61,-0.05,2.64,3.11,-136.14,-3.6,118.84,167.65,-1.14,50,5.2,-0.85,1.2,3.6,24,2385,180,0.41,5.71,
45,h,Cloudy,TOR,2019-05-19,33,1,Trent Thornton,L,Flyout,field_out,0,0,B,FF,92.8,86.6,23.21,-17.21,-2.6,7.97,2.56,0.96,10.3,-134.67,-7.51,19.58,212.89,-0.95,50,4.95,-4.88,9.6,3.6,24,2424,192,0.41,5.85,
45,h,Cloudy,TOR,2019-05-19,33,1,Trent Thornton,L,Flyout,field_out,1,0,C,FS,80.7,74.5,21.17,-26.79,-1.88,3.83,0.08,1.83,3.83,-117.5,-1.93,113.83,189.37,-1.32,50,5.14,-2.65,4.8,8.4,24,1463,200,0.47,6.01,
45,h,Cloudy,TOR,2019-05-19,33,1,Trent Thornton,L,Flyout,field_out,1,1,C,FC,87.3,80.4,25.1,-26.22,2.01,3.63,0.02,1.61,3.19,-127.01,-3.49,116.04,195.29,-1.51,50,5.08,3.29,8.4,7.2,24,2731,144,0.44,5.38,
45,h,Cloudy,TOR,2019-05-19,33,1,Trent Thornton,L,Flyout,field_out,1,2,B,FF,92.6,83.8,31.8,-17.74,-1.87,7.93,-0.82,4.02,1.4,-134.66,-0.5,148.37,130.14,-1.11,50,5.48,-3.4,9.6,3.6,24,2368,191,0.41,5.64,
45,h,Cloudy,TOR,2019-05-19,33,1,Trent Thornton,L,Flyout,field_out,2,2,X,FC,88.7,81.4,26.56,-27.48,2.35,2.79,-0.01,1.8,2.73,-128.94,-3.13,117.42,190.18,-1.39,50,5.15,3.95,9.6,7.2,24,2811,133,0.43,5.25,
45,h,Cloudy,TOR,2019-05-19,49,2,Daniel Hudson,L,Strikeout,strikeout,0,0,C,FF,96.2,88.5,29.71,-18.02,-3.92,7.1,0.21,2.05,6.72,-139.86,-5.8,109.11,183.53,-1.71,50,5.32,-7.81,18,3.6,24,2425,205,0.39,5.83,
45,h,Cloudy,TOR,2019-05-19,49,2,Daniel Hudson,L,Strikeout,strikeout,0,1,F,CH,87.9,80.4,26.67,-20.45,-8.72,7.1,-0.56,1.83,5.83,-127.77,-4.49,138.49,189.25,-1.74,50,5.22,-14.39,31.2,6,24,2482,230,0.43,6.12,
45,h,Cloudy,TOR,2019-05-19,49,2,Daniel Hudson,L,Strikeout,strikeout,0,2,C,FF,97.2,89.2,31.24,-17.81,-4.78,7.07,-0.67,2.03,4.43,-141.36,-6.03,142.63,184.06,-1.64,50,5.33,-9.69,24,4.8,24,2521,213,0.39,5.96,
45,h,Cloudy,TOR,2019-05-19,69,3,Ken Giles,L,Strikeout,strikeout,0,0,C,SL,86.2,78.8,25.91,-31.01,-1.14,0.74,0.15,2.82,5.94,-125.14,-1.31,111.32,162.53,-2.11,50,5.9,-1.8,1.2,8.4,24,2231,205,0.45,4.89,
45,h,Cloudy,TOR,2019-05-19,69,3,Ken Giles,L,Strikeout,strikeout,0,1,B,FF,97.3,89.5,29.76,-14.56,-4.32,8.61,-1.33,3.59,4.12,-141.53,-3.43,167.53,141.86,-2.23,50,5.74,-8.83,27.6,3.6,24,2346,204,0.39,5.47,
45,h,Cloudy,TOR,2019-05-19,69,3,Ken Giles,L,Strikeout,strikeout,1,1,S,SL,86.1,81.3,18.19,-30.79,-0.29,0.85,-0.33,1.74,4.8,-125.29,-3.81,129.51,191.73,-2.21,50,5.72,-0.47,0,7.2,24,2190,167,0.44,4.87,
45,h,Cloudy,TOR,2019-05-19,69,3,Ken Giles,L,Strikeout,strikeout,1,2,S,SL,87.3,81.9,20.67,-30.8,-0.81,0.82,0.66,1.38,6.81,-126.94,-4.75,91.95,201.37,-1.93,50,5.67,-1.36,1.2,7.2,24,2305,196,0.44,5.07,
