"Name","Team","BABIP","GB/FB","LD%","GB%","FB%","IFFB%","HR/FB","IFH","IFH%","BUH","BUH%","Pull%","Cent%","Oppo%","Soft%","Med%","Hard%","playerid"
"Christian Yelich","Brewers",".373","2.20","24.7 %","51.8 %","23.5 %","4.9 %","35.0 %","15","6.6 %","1","33.3 %","34.9 %","38.1 %","27.0 %","14.5 %","37.9 %","47.6 %","11477"
"J.D. Martinez","Red Sox",".375","1.28","22.6 %","43.5 %","34.0 %","2.7 %","29.5 %","15","8.0 %","0","0.0 %","37.7 %","30.9 %","31.4 %","10.9 %","44.2 %","44.9 %","6184"
"Joey Gallo","Rangers",".249","0.59","20.6 %","29.6 %","49.8 %","11.7 %","27.6 %","2","2.3 %","2","100.0 %","45.1 %","31.4 %","23.6 %","12.6 %","38.9 %","48.5 %","14128"
"Giancarlo Stanton","Yankees",".333","1.23","18.5 %","45.0 %","36.5 %","13.2 %","25.0 %","24","12.8 %","0","0.0 %","38.9 %","37.0 %","24.0 %","19.0 %","38.7 %","42.3 %","4949"
"Ian Desmond","Rockies",".279","2.88","16.5 %","62.0 %","21.5 %","7.9 %","24.7 %","17","6.6 %","0","0.0 %","30.0 %","40.8 %","29.2 %","21.5 %","44.4 %","34.1 %","6885"
"Mike Trout","Angels",".346","0.69","23.4 %","31.3 %","45.3 %","9.4 %","24.5 %","11","10.0 %","0","0.0 %","40.2 %","37.3 %","22.5 %","16.0 %","39.6 %","44.4 %","10155"
"Kyle Schwarber","Cubs",".288","1.18","19.2 %","43.7 %","37.1 %","9.4 %","24.5 %","6","4.8 %","3","60.0 %","43.6 %","33.3 %","23.0 %","16.8 %","43.0 %","40.2 %","16478"
"Javier Baez","Cubs",".347","1.41","22.1 %","45.6 %","32.3 %","11.4 %","24.3 %","25","12.6 %","4","40.0 %","40.5 %","33.3 %","26.1 %","19.4 %","44.8 %","35.8 %","12979"
"Khris Davis","Athletics",".261","0.72","15.9 %","35.3 %","48.8 %","7.0 %","24.1 %","6","4.2 %","0","0.0 %","35.8 %","40.2 %","24.0 %","10.8 %","43.9 %","45.3 %","9112"
"Nelson Cruz","Mariners",".264","1.14","17.5 %","44.0 %","38.5 %","11.0 %","24.0 %","4","2.3 %","0","0.0 %","40.8 %","34.8 %","24.5 %","16.3 %","41.5 %","42.3 %","2434"
"Jesus Aguilar","Brewers",".309","0.86","23.7 %","35.4 %","40.9 %","6.1 %","23.8 %","1","0.8 %","0","0.0 %","43.5 %","33.4 %","23.1 %","15.3 %","40.7 %","44.0 %","11342"
"Eugenio Suarez","Reds",".322","1.03","24.6 %","38.4 %","37.1 %","2.8 %","23.4 %","9","6.0 %","0","0.0 %","42.7 %","35.8 %","21.5 %","8.4 %","43.0 %","48.6 %","12552"
"David Peralta","Diamondbacks",".328","1.73","20.1 %","50.7 %","29.2 %","5.5 %","23.4 %","13","5.9 %","0","0.0 %","39.0 %","34.7 %","26.3 %","16.4 %","34.9 %","48.6 %","2136"
"Bryce Harper","Nationals",".289","1.05","22.2 %","39.8 %","38.0 %","3.4 %","23.1 %","7","4.5 %","1","33.3 %","42.3 %","29.5 %","28.2 %","11.8 %","45.9 %","42.3 %","11579"
"Justin Upton","Angels",".321","1.18","21.8 %","42.4 %","35.8 %","9.2 %","23.1 %","19","12.3 %","0","0.0 %","46.6 %","32.5 %","20.9 %","16.8 %","39.4 %","43.8 %","5222"
"Paul Goldschmidt","Diamondbacks",".359","1.06","25.0 %","38.6 %","36.4 %","11.8 %","21.6 %","12","7.4 %","0","0.0 %","37.9 %","36.4 %","25.7 %","16.9 %","36.9 %","46.2 %","9218"
"C.J. Cron","Rays",".293","1.04","21.1 %","40.2 %","38.8 %","18.6 %","21.4 %","8","5.5 %","0","0.0 %","45.4 %","33.5 %","21.1 %","21.3 %","39.1 %","39.6 %","12546"
"Tommy Pham","- - -",".342","1.71","23.9 %","48.0 %","28.1 %","5.0 %","21.0 %","14","8.2 %","0","0.0 %","37.8 %","39.8 %","22.4 %","12.6 %","38.9 %","48.5 %","2967"
"Trey Mancini","Orioles",".285","2.06","18.9 %","54.6 %","26.5 %","7.0 %","20.9 %","11","4.6 %","0","0.0 %","38.0 %","35.7 %","26.3 %","20.3 %","46.1 %","33.6 %","15149"
"Nolan Arenado","Rockies",".314","1.03","21.3 %","39.9 %","38.8 %","12.0 %","20.7 %","8","4.2 %","0","0.0 %","39.8 %","36.8 %","23.4 %","15.4 %","41.7 %","43.0 %","9777"
"Nomar Mazara","Rangers",".298","2.07","18.4 %","55.1 %","26.6 %","7.0 %","20.0 %","17","8.2 %","0","0.0 %","38.0 %","36.7 %","25.3 %","18.4 %","44.2 %","37.5 %","14553"
"Trevor Story","Rockies",".345","0.80","22.7 %","34.3 %","43.1 %","10.2 %","19.9 %","21","14.2 %","0","0.0 %","43.3 %","34.3 %","22.4 %","15.9 %","39.6 %","44.5 %","12564"
"Michael Conforto","Mets",".289","1.20","19.6 %","43.8 %","36.6 %","8.5 %","19.7 %","13","7.6 %","0","0.0 %","43.0 %","31.7 %","25.3 %","17.8 %","46.4 %","35.8 %","16376"
"Edwin Encarnacion","Indians",".265","0.82","20.3 %","36.0 %","43.7 %","11.0 %","19.5 %","7","5.2 %","0","0.0 %","45.6 %","31.5 %","22.9 %","15.2 %","42.4 %","42.4 %","2151"
"Eric Hosmer","Padres",".302","3.06","19.9 %","60.4 %","19.7 %","9.7 %","19.4 %","17","6.0 %","0","0.0 %","31.8 %","39.2 %","29.0 %","23.5 %","42.0 %","34.5 %","3516"
"Matt Carpenter","Cardinals",".291","0.56","26.7 %","26.4 %","46.9 %","2.1 %","19.1 %","6","5.7 %","8","88.9 %","48.3 %","29.3 %","22.4 %","9.3 %","41.7 %","49.0 %","8090"
"Aaron Hicks","Yankees",".264","1.04","21.6 %","40.0 %","38.4 %","12.0 %","19.0 %","11","7.4 %","2","28.6 %","45.4 %","36.9 %","17.8 %","18.6 %","41.9 %","39.5 %","5297"
"Stephen Piscotty","Athletics",".290","1.36","22.2 %","44.9 %","33.0 %","4.9 %","18.8 %","15","7.7 %","0","0.0 %","39.4 %","36.8 %","23.8 %","12.8 %","44.6 %","42.6 %","13367"
"Shin-Soo Choo","Rangers",".330","1.80","21.8 %","50.2 %","28.0 %","2.7 %","18.6 %","12","5.9 %","1","33.3 %","38.1 %","35.1 %","26.8 %","14.5 %","43.5 %","42.0 %","3174"
"Justin Bour","- - -",".270","1.23","19.0 %","44.7 %","36.3 %","16.5 %","18.3 %","3","2.2 %","1","50.0 %","41.7 %","36.4 %","21.9 %","22.9 %","39.7 %","37.4 %","9744"
"Travis Shaw","Brewers",".242","0.84","18.1 %","37.4 %","44.5 %","9.7 %","18.3 %","5","3.4 %","3","75.0 %","45.8 %","32.5 %","21.7 %","19.9 %","40.3 %","39.8 %","11982"
"Yasmani Grandal","Dodgers",".278","0.98","17.2 %","41.1 %","41.7 %","11.3 %","18.0 %","3","2.3 %","0","0.0 %","48.3 %","32.9 %","18.8 %","19.8 %","39.5 %","40.8 %","11368"
"Jonathan Villar","- - -",".339","2.29","19.7 %","55.9 %","24.4 %","10.3 %","17.9 %","18","10.1 %","6","54.5 %","38.4 %","35.4 %","26.3 %","23.3 %","45.9 %","30.8 %","10071"
"Charlie Blackmon","Rockies",".329","1.30","23.2 %","43.4 %","33.4 %","4.9 %","17.7 %","10","4.7 %","2","50.0 %","40.8 %","37.0 %","22.2 %","16.0 %","48.3 %","35.8 %","7859"
"Brandon Nimmo","Mets",".351","1.35","21.6 %","45.0 %","33.3 %","12.4 %","17.5 %","9","6.9 %","1","50.0 %","44.7 %","32.1 %","23.2 %","18.4 %","44.4 %","37.2 %","12927"
"Francisco Lindor","Indians",".279","0.98","21.6 %","38.8 %","39.6 %","10.5 %","17.3 %","15","6.9 %","1","25.0 %","40.4 %","34.6 %","25.0 %","16.1 %","42.3 %","41.6 %","12916"
"Ryon Healy","Mariners",".257","1.21","19.2 %","44.2 %","36.6 %","11.5 %","17.3 %","6","3.6 %","1","50.0 %","44.8 %","34.8 %","20.4 %","17.5 %","48.2 %","34.3 %","15447"
"Jose Ramirez","Indians",".252","0.73","20.7 %","33.4 %","45.9 %","13.0 %","16.9 %","13","7.7 %","0","0.0 %","50.0 %","30.2 %","19.8 %","18.3 %","45.6 %","36.1 %","13510"
"Justin Smoak","Blue Jays",".297","0.93","17.9 %","39.5 %","42.6 %","7.3 %","16.7 %","7","5.0 %","0","0.0 %","49.2 %","29.6 %","21.3 %","14.5 %","51.7 %","33.8 %","9054"
"Manny Machado","- - -",".304","0.95","17.8 %","40.0 %","42.2 %","11.6 %","16.4 %","9","4.2 %","0","0.0 %","38.1 %","36.2 %","25.7 %","17.5 %","43.9 %","38.7 %","11493"
"Mookie Betts","Red Sox",".368","0.75","21.2 %","33.9 %","44.9 %","9.2 %","16.4 %","14","9.5 %","0","0.0 %","47.2 %","34.8 %","18.0 %","12.2 %","43.3 %","44.5 %","13611"
"Matt Olson","Athletics",".292","0.83","21.1 %","35.9 %","43.1 %","15.0 %","16.1 %","8","5.3 %","0","0.0 %","42.0 %","33.9 %","24.1 %","13.8 %","38.9 %","47.3 %","14344"
"Jose Abreu","White Sox",".294","1.28","21.2 %","44.2 %","34.6 %","13.9 %","16.1 %","10","5.7 %","0","0.0 %","39.1 %","39.9 %","21.0 %","17.2 %","45.0 %","37.9 %","15676"
"Rhys Hoskins","Phillies",".272","0.56","19.2 %","29.1 %","51.7 %","11.3 %","16.0 %","11","9.2 %","0","0.0 %","50.0 %","31.1 %","18.9 %","19.9 %","45.6 %","34.5 %","16472"
"Teoscar Hernandez","Blue Jays",".313","0.83","19.9 %","36.4 %","43.7 %","10.1 %","15.9 %","8","7.0 %","0","0.0 %","37.7 %","36.1 %","26.3 %","15.8 %","46.8 %","37.3 %","13066"
"Mitch Haniger","Mariners",".336","1.17","21.3 %","42.4 %","36.3 %","9.1 %","15.8 %","15","7.8 %","0","0.0 %","44.8 %","36.7 %","18.5 %","16.0 %","46.8 %","37.1 %","14274"
"Miguel Andujar","Yankees",".316","1.23","20.2 %","44.0 %","35.8 %","14.5 %","15.7 %","23","10.9 %","0","0.0 %","47.5 %","29.2 %","23.3 %","19.4 %","44.6 %","36.0 %","15878"
"Matt Kemp","Dodgers",".339","0.92","26.8 %","35.0 %","38.1 %","5.9 %","15.6 %","5","4.0 %","0","0.0 %","42.1 %","35.9 %","22.0 %","13.8 %","42.7 %","43.5 %","5631"
"Xander Bogaerts","Red Sox",".317","1.22","21.2 %","43.3 %","35.6 %","10.8 %","15.5 %","16","8.9 %","0","0.0 %","43.4 %","34.8 %","21.8 %","16.6 %","45.6 %","37.9 %","12161"
"Cody Bellinger","Dodgers",".313","0.99","19.9 %","40.0 %","40.2 %","16.5 %","15.2 %","18","11.0 %","0","0.0 %","45.2 %","32.0 %","22.7 %","18.1 %","41.8 %","40.1 %","15998"
"Matt Chapman","Athletics",".338","1.03","20.4 %","40.3 %","39.3 %","13.9 %","15.2 %","9","5.6 %","0","0.0 %","40.5 %","35.0 %","24.6 %","16.1 %","40.7 %","43.2 %","16505"
"George Springer","Astros",".303","1.43","16.0 %","49.4 %","34.6 %","8.2 %","15.0 %","23","11.0 %","0","0.0 %","39.8 %","36.9 %","23.3 %","17.7 %","48.9 %","33.4 %","12856"
"Johan Camargo","Braves",".315","1.27","19.8 %","44.8 %","35.4 %","16.5 %","15.0 %","13","8.1 %","0","0.0 %","41.2 %","33.4 %","25.4 %","18.7 %","45.1 %","36.2 %","14950"
"Freddie Freeman","Braves",".358","1.16","32.3 %","36.4 %","31.3 %","1.9 %","14.9 %","9","5.0 %","0","0.0 %","43.1 %","31.1 %","25.8 %","11.0 %","47.2 %","41.9 %","5361"
"J.T. Realmuto","Marlins",".312","1.06","22.8 %","39.8 %","37.4 %","10.6 %","14.9 %","15","10.0 %","0","0.0 %","45.1 %","35.3 %","19.6 %","18.0 %","43.5 %","38.5 %","11739"
"Kole Calhoun","Angels",".241","1.23","21.4 %","43.4 %","35.2 %","3.9 %","14.8 %","4","2.5 %","0","0.0 %","42.6 %","35.2 %","22.3 %","12.6 %","42.9 %","44.5 %","11200"
"Didi Gregorius","Yankees",".259","0.93","19.5 %","38.9 %","41.6 %","12.0 %","14.8 %","7","4.1 %","4","80.0 %","40.5 %","36.9 %","22.7 %","22.5 %","41.6 %","36.0 %","6012"
"Salvador Perez","Royals",".245","0.77","20.4 %","34.6 %","45.0 %","8.7 %","14.8 %","4","2.8 %","0","0.0 %","46.7 %","33.4 %","19.9 %","12.0 %","42.0 %","46.0 %","7304"
"Chris Davis","Orioles",".237","1.01","21.1 %","39.6 %","39.3 %","5.5 %","14.5 %","6","5.4 %","0","0.0 %","40.8 %","32.3 %","27.0 %","13.1 %","50.7 %","36.2 %","9272"
"Yonder Alonso","Indians",".283","0.96","21.7 %","38.3 %","40.1 %","14.5 %","14.5 %","6","3.9 %","1","100.0 %","43.7 %","34.4 %","21.9 %","19.9 %","42.5 %","37.7 %","2530"
"Tim Anderson","White Sox",".289","1.39","20.0 %","46.6 %","33.5 %","5.0 %","14.2 %","17","8.7 %","0","0.0 %","44.4 %","28.4 %","27.2 %","18.4 %","51.3 %","30.3 %","15172"
"Jose Martinez","Cardinals",".351","1.67","26.1 %","46.2 %","27.7 %","3.3 %","14.2 %","13","6.5 %","0","0.0 %","32.4 %","32.9 %","34.7 %","14.0 %","45.5 %","40.5 %","7996"
"Starling Marte","Pirates",".312","1.57","17.1 %","50.7 %","32.2 %","7.0 %","14.0 %","24","10.7 %","5","50.0 %","40.3 %","35.0 %","24.7 %","19.6 %","46.9 %","33.5 %","9241"
"Alex Bregman","Astros",".289","0.80","21.9 %","34.6 %","43.4 %","12.6 %","14.0 %","14","7.9 %","1","100.0 %","48.4 %","32.4 %","19.1 %","17.2 %","47.5 %","35.4 %","17678"
"Asdrubal Cabrera","- - -",".296","1.08","19.1 %","42.1 %","38.8 %","8.5 %","13.9 %","7","3.9 %","2","50.0 %","47.8 %","32.4 %","19.8 %","15.4 %","46.2 %","38.5 %","4962"
"Odubel Herrera","Phillies",".290","1.20","18.3 %","44.6 %","37.1 %","13.9 %","13.9 %","15","7.9 %","1","25.0 %","38.8 %","33.7 %","27.4 %","27.2 %","47.9 %","24.9 %","11476"
"Marcell Ozuna","Cardinals",".309","1.35","18.1 %","47.1 %","34.9 %","10.2 %","13.9 %","13","5.8 %","0","0.0 %","42.2 %","35.3 %","22.5 %","15.8 %","39.1 %","45.2 %","10324"
"Scooter Gennett","Reds",".358","1.11","23.6 %","40.1 %","36.2 %","6.6 %","13.8 %","12","6.5 %","1","16.7 %","40.5 %","32.1 %","27.4 %","15.6 %","45.6 %","38.8 %","10339"
"Gregory Polanco","Pirates",".287","0.69","18.7 %","33.3 %","48.0 %","12.0 %","13.8 %","8","6.9 %","2","100.0 %","45.7 %","34.6 %","19.7 %","20.0 %","46.0 %","34.0 %","12907"
"Rougned Odor","Rangers",".305","1.05","19.5 %","41.1 %","39.3 %","11.5 %","13.7 %","9","6.6 %","8","38.1 %","46.6 %","35.9 %","17.5 %","15.0 %","39.8 %","45.2 %","12282"
"Nicholas Castellanos","Tigers",".361","0.99","28.8 %","35.4 %","35.8 %","3.0 %","13.6 %","14","8.4 %","0","0.0 %","44.9 %","30.3 %","24.8 %","12.1 %","40.0 %","47.9 %","11737"
"Yadier Molina","Cardinals",".264","1.05","24.1 %","38.9 %","36.9 %","7.5 %","13.6 %","6","3.9 %","0","0.0 %","49.6 %","29.3 %","21.1 %","13.3 %","42.4 %","44.4 %","7007"
"Anthony Rizzo","Cubs",".287","1.02","24.7 %","37.9 %","37.3 %","8.7 %","13.6 %","11","5.9 %","0","0.0 %","45.3 %","34.6 %","20.2 %","16.6 %","49.3 %","34.1 %","3473"
"Jurickson Profar","Rangers",".269","1.28","21.8 %","43.9 %","34.3 %","12.6 %","13.2 %","14","7.3 %","0","0.0 %","39.8 %","33.0 %","27.3 %","20.2 %","42.5 %","37.3 %","10815"
"Andrew McCutchen","- - -",".304","1.16","23.0 %","41.3 %","35.7 %","9.1 %","13.0 %","14","7.9 %","0","0.0 %","43.9 %","36.4 %","19.7 %","13.5 %","43.2 %","43.4 %","9847"
"Mike Moustakas","- - -",".259","0.74","19.7 %","34.0 %","46.3 %","19.2 %","12.8 %","11","6.8 %","2","66.7 %","42.7 %","34.2 %","23.1 %","21.2 %","37.6 %","41.2 %","4892"
"Marwin Gonzalez","Astros",".301","1.16","22.6 %","41.6 %","35.8 %","9.4 %","12.5 %","7","4.7 %","2","16.7 %","44.1 %","35.4 %","20.5 %","17.3 %","44.3 %","38.4 %","5497"
"Derek Dietrich","Marlins",".336","1.13","23.3 %","40.7 %","36.0 %","15.4 %","12.3 %","3","2.0 %","0","0.0 %","41.3 %","33.8 %","24.9 %","19.4 %","44.0 %","36.6 %","10542"
"Jeimer Candelario","Tigers",".279","1.03","17.7 %","41.7 %","40.6 %","12.2 %","12.2 %","10","6.3 %","0","0.0 %","46.6 %","30.2 %","23.2 %","20.1 %","44.8 %","35.2 %","13621"
"Chris Taylor","Dodgers",".345","0.86","27.5 %","33.6 %","38.9 %","7.1 %","12.1 %","13","10.7 %","1","50.0 %","37.9 %","34.3 %","27.9 %","13.3 %","48.3 %","38.4 %","13757"
"Anthony Rendon","Nationals",".323","0.75","23.8 %","32.6 %","43.6 %","10.6 %","12.1 %","7","4.7 %","1","100.0 %","40.2 %","32.8 %","27.0 %","14.5 %","47.7 %","37.8 %","12861"
"Eddie Rosario","Twins",".316","0.81","20.3 %","35.7 %","44.1 %","11.5 %","12.0 %","10","6.2 %","2","50.0 %","43.5 %","33.2 %","23.4 %","17.5 %","46.1 %","36.5 %","12155"
"Eduardo Escobar","- - -",".308","0.75","24.8 %","32.1 %","43.1 %","5.7 %","11.9 %","11","7.6 %","0","0.0 %","40.0 %","33.9 %","26.1 %","15.2 %","46.7 %","38.2 %","6153"
"Yoan Moncada","White Sox",".344","0.93","22.7 %","37.3 %","40.1 %","6.9 %","11.7 %","12","8.9 %","1","33.3 %","41.4 %","32.9 %","25.8 %","14.3 %","49.0 %","36.7 %","17232"
"Yangervis Solarte","Blue Jays",".233","1.16","20.8 %","42.6 %","36.6 %","19.2 %","11.6 %","5","2.9 %","0","0.0 %","41.5 %","34.5 %","24.0 %","21.0 %","50.8 %","28.3 %","5352"
"Carlos Santana","Phillies",".231","0.92","16.0 %","40.3 %","43.7 %","17.9 %","11.6 %","11","5.8 %","0","0.0 %","48.0 %","29.9 %","22.1 %","22.7 %","44.4 %","32.8 %","2396"
"Ozzie Albies","Braves",".285","0.97","21.3 %","38.8 %","39.9 %","9.6 %","11.5 %","15","7.4 %","3","50.0 %","44.8 %","31.1 %","24.1 %","16.3 %","49.3 %","34.4 %","16556"
"Alex Gordon","Royals",".299","1.45","26.4 %","43.6 %","30.0 %","6.1 %","11.3 %","7","4.2 %","0","0.0 %","40.2 %","34.2 %","25.6 %","15.9 %","46.2 %","37.9 %","5209"
"Jed Lowrie","Athletics",".304","0.76","23.4 %","33.2 %","43.4 %","6.4 %","11.3 %","12","7.7 %","0","0.0 %","42.3 %","32.5 %","25.3 %","13.4 %","46.5 %","40.1 %","4418"
"Nick Ahmed","Diamondbacks",".265","1.18","24.4 %","40.8 %","34.7 %","8.5 %","11.3 %","5","3.0 %","1","25.0 %","39.0 %","36.3 %","24.7 %","17.2 %","43.6 %","39.2 %","12147"
"Brian Dozier","- - -",".240","0.90","16.8 %","39.5 %","43.7 %","17.1 %","11.2 %","13","7.7 %","1","100.0 %","49.9 %","33.8 %","16.3 %","17.0 %","45.7 %","37.3 %","9810"
"DJ LeMahieu","Rockies",".298","1.68","21.0 %","49.6 %","29.5 %","3.0 %","11.1 %","14","6.2 %","0","0.0 %","29.8 %","40.7 %","29.6 %","16.3 %","48.7 %","35.0 %","9874"
"Trea Turner","Nationals",".314","1.48","17.9 %","49.0 %","33.1 %","12.8 %","11.0 %","25","9.8 %","8","57.1 %","43.1 %","35.4 %","21.5 %","18.7 %","49.8 %","31.5 %","16252"
"Brandon Crawford","Giants",".303","1.42","25.5 %","43.7 %","30.8 %","11.8 %","11.0 %","9","5.0 %","0","0.0 %","33.1 %","37.9 %","29.0 %","18.6 %","45.2 %","36.2 %","5343"
"Kyle Seager","Mariners",".251","0.76","21.4 %","33.9 %","44.6 %","8.5 %","11.0 %","5","3.3 %","0","0.0 %","44.1 %","35.6 %","20.3 %","11.1 %","51.9 %","37.0 %","9785"
"Ketel Marte","Diamondbacks",".282","1.77","19.7 %","51.2 %","29.0 %","10.9 %","10.9 %","13","5.8 %","0","0.0 %","36.7 %","39.2 %","24.1 %","21.0 %","43.0 %","36.0 %","13613"
"Michael Brantley","Indians",".319","1.49","24.7 %","45.0 %","30.3 %","3.8 %","10.9 %","9","3.9 %","1","50.0 %","40.4 %","36.8 %","22.8 %","12.2 %","50.7 %","37.1 %","4106"
"Evan Longoria","Giants",".274","1.09","18.5 %","42.4 %","39.1 %","10.0 %","10.7 %","9","5.5 %","0","0.0 %","41.9 %","32.3 %","25.8 %","15.6 %","43.2 %","41.2 %","9368"
"Jackie Bradley Jr.","Red Sox",".299","1.19","20.6 %","43.1 %","36.3 %","6.5 %","10.6 %","12","8.2 %","1","50.0 %","45.2 %","34.3 %","20.5 %","10.0 %","49.0 %","41.1 %","12984"
"Dansby Swanson","Braves",".290","1.13","19.9 %","42.4 %","37.6 %","11.9 %","10.4 %","9","6.0 %","3","33.3 %","42.7 %","31.8 %","25.5 %","17.8 %","46.6 %","35.6 %","18314"
"Cesar Hernandez","Phillies",".315","1.37","20.5 %","45.9 %","33.6 %","4.8 %","10.2 %","16","8.0 %","8","50.0 %","40.3 %","32.2 %","27.5 %","20.5 %","55.5 %","24.0 %","10556"
"Max Kepler","Twins",".236","0.82","15.9 %","37.8 %","46.2 %","10.8 %","9.9 %","7","4.2 %","0","0.0 %","43.1 %","32.4 %","24.6 %","19.4 %","43.5 %","37.1 %","12144"
"Lorenzo Cain","Brewers",".357","2.37","22.4 %","54.6 %","23.0 %","6.8 %","9.7 %","27","11.1 %","0","0.0 %","29.8 %","37.4 %","32.9 %","18.1 %","43.6 %","38.3 %","9077"
"Jason Kipnis","Indians",".258","0.75","21.6 %","33.7 %","44.7 %","10.2 %","9.7 %","5","3.6 %","4","66.7 %","39.3 %","36.5 %","24.2 %","19.2 %","46.0 %","34.8 %","9776"
"Jose Altuve","Astros",".352","1.53","24.0 %","46.0 %","30.0 %","5.9 %","9.6 %","16","7.7 %","5","55.6 %","41.4 %","38.6 %","20.0 %","16.6 %","50.1 %","33.3 %","5417"
"Joey Votto","Reds",".333","1.21","31.4 %","37.5 %","31.1 %","0.0 %","9.5 %","10","6.6 %","0","0.0 %","35.3 %","33.8 %","30.9 %","9.1 %","49.9 %","41.0 %","4314"
"Kevin Pillar","Blue Jays",".281","0.94","26.6 %","35.6 %","37.8 %","17.7 %","9.5 %","13","8.7 %","1","50.0 %","40.7 %","35.0 %","24.3 %","21.4 %","44.5 %","34.1 %","12434"
"Andrew Benintendi","Red Sox",".328","1.15","23.8 %","40.8 %","35.4 %","4.1 %","9.4 %","9","4.6 %","0","0.0 %","38.4 %","33.4 %","28.2 %","13.7 %","58.3 %","28.0 %","17901"
"Willson Contreras","Cubs",".313","1.69","17.2 %","52.0 %","30.7 %","10.3 %","9.3 %","14","7.7 %","2","22.2 %","42.0 %","31.4 %","26.6 %","22.4 %","48.7 %","28.9 %","11609"
"Josh Bell","Pirates",".305","1.49","19.0 %","48.5 %","32.5 %","9.2 %","9.2 %","16","8.2 %","0","0.0 %","33.8 %","37.6 %","28.6 %","19.2 %","47.0 %","33.8 %","13145"
"Tucker Barnhart","Reds",".291","1.46","24.4 %","44.9 %","30.7 %","9.0 %","9.0 %","6","3.7 %","5","55.6 %","44.3 %","31.9 %","23.8 %","13.2 %","48.4 %","38.4 %","10200"
"Miguel Rojas","Marlins",".272","1.61","23.8 %","47.0 %","29.2 %","14.6 %","8.9 %","10","5.1 %","1","25.0 %","32.7 %","37.7 %","29.7 %","20.0 %","53.2 %","26.8 %","7802"
"Starlin Castro","Marlins",".330","1.77","20.2 %","50.9 %","28.8 %","7.3 %","8.8 %","23","9.5 %","0","0.0 %","40.2 %","38.7 %","21.1 %","15.8 %","47.0 %","37.3 %","4579"
"Corey Dickerson","Pirates",".333","1.07","27.2 %","37.6 %","35.2 %","8.0 %","8.7 %","12","7.5 %","2","100.0 %","31.1 %","36.2 %","32.7 %","17.8 %","48.1 %","34.1 %","10762"
"Brett Gardner","Yankees",".272","1.46","17.9 %","48.7 %","33.4 %","9.9 %","8.5 %","24","11.6 %","1","14.3 %","36.1 %","37.3 %","26.6 %","19.4 %","53.0 %","27.6 %","9927"
"Nick Markakis","Braves",".318","1.44","26.6 %","43.3 %","30.1 %","6.6 %","8.4 %","12","5.0 %","0","0.0 %","31.7 %","39.1 %","29.2 %","13.8 %","45.7 %","40.6 %","5930"
"Adam Jones","Orioles",".311","1.17","20.5 %","42.9 %","36.6 %","13.5 %","8.4 %","12","5.7 %","3","75.0 %","39.9 %","33.6 %","26.5 %","19.4 %","49.3 %","31.4 %","6368"
"Brian Anderson","Marlins",".332","1.82","19.7 %","51.8 %","28.5 %","6.1 %","8.3 %","9","3.8 %","0","0.0 %","38.4 %","35.4 %","26.1 %","16.2 %","45.6 %","38.2 %","18289"
"Freddy Galvis","Padres",".304","1.13","22.0 %","41.4 %","36.5 %","5.5 %","7.9 %","16","8.6 %","5","38.5 %","38.1 %","37.9 %","24.0 %","13.0 %","46.8 %","40.3 %","6609"
"Ian Kinsler","- - -",".250","0.87","21.4 %","36.6 %","42.0 %","16.2 %","7.8 %","7","4.5 %","0","0.0 %","43.7 %","33.8 %","22.5 %","19.7 %","50.9 %","29.3 %","6195"
"Marcus Semien","Athletics",".296","1.03","22.8 %","39.2 %","38.0 %","11.4 %","7.8 %","19","9.5 %","0","0.0 %","46.7 %","30.6 %","22.8 %","18.4 %","49.0 %","32.6 %","12533"
"Yuli Gurriel","Astros",".306","1.25","20.2 %","44.3 %","35.6 %","12.9 %","7.6 %","20","9.4 %","0","0.0 %","41.2 %","36.4 %","22.5 %","18.3 %","51.1 %","30.6 %","19198"
"Ben Zobrist","Cubs",".331","1.59","21.6 %","48.1 %","30.3 %","5.0 %","7.4 %","10","5.2 %","2","50.0 %","47.2 %","31.5 %","21.3 %","11.9 %","52.6 %","35.5 %","7435"
"Amed Rosario","Mets",".310","1.67","20.9 %","49.5 %","29.6 %","11.6 %","7.0 %","11","5.1 %","2","40.0 %","34.9 %","41.3 %","23.8 %","20.4 %","51.9 %","27.7 %","15518"
"Andrelton Simmons","Angels",".300","1.60","19.0 %","49.9 %","31.1 %","13.2 %","6.9 %","28","11.0 %","2","40.0 %","51.0 %","33.1 %","15.9 %","21.3 %","42.6 %","36.1 %","10847"
"Jose Peraza","Reds",".307","0.96","25.5 %","36.5 %","38.0 %","7.7 %","6.8 %","16","8.0 %","8","32.0 %","35.3 %","36.0 %","28.8 %","18.8 %","51.8 %","29.5 %","13593"
"Joe Mauer","Twins",".330","2.30","26.9 %","51.0 %","22.1 %","3.4 %","6.7 %","3","1.5 %","0","0.0 %","25.5 %","40.4 %","34.2 %","12.9 %","42.3 %","44.8 %","1857"
"Jean Segura","Mariners",".327","1.76","19.3 %","51.5 %","29.2 %","13.9 %","6.6 %","26","9.8 %","3","30.0 %","35.7 %","40.8 %","23.5 %","20.9 %","53.3 %","25.8 %","5933"
"Whit Merrifield","Royals",".352","0.99","29.8 %","34.9 %","35.3 %","14.7 %","6.5 %","8","4.4 %","2","40.0 %","33.7 %","35.4 %","31.0 %","15.4 %","47.7 %","36.9 %","11281"
"Ender Inciarte","Braves",".293","1.46","24.0 %","45.1 %","30.9 %","5.8 %","6.4 %","21","9.2 %","3","21.4 %","40.1 %","35.3 %","24.7 %","19.7 %","48.8 %","31.6 %","4922"
"Yolmer Sanchez","White Sox",".300","1.67","22.0 %","48.8 %","29.2 %","8.3 %","6.0 %","10","4.5 %","4","33.3 %","37.3 %","35.6 %","27.2 %","16.7 %","55.0 %","28.3 %","11602"
"Victor Martinez","Tigers",".260","1.09","24.5 %","39.4 %","36.1 %","9.8 %","5.9 %","6","3.6 %","1","100.0 %","42.8 %","32.0 %","25.2 %","15.5 %","47.5 %","36.9 %","393"
"Manuel Margot","Padres",".281","1.16","19.9 %","43.0 %","37.1 %","17.2 %","5.5 %","11","6.5 %","3","50.0 %","39.6 %","35.5 %","24.9 %","20.2 %","40.6 %","39.3 %","14712"
"Joey Wendle","Rays",".353","1.43","21.8 %","46.0 %","32.3 %","10.9 %","5.4 %","8","4.3 %","1","33.3 %","36.0 %","34.2 %","29.8 %","16.1 %","46.9 %","37.0 %","13853"
"Matt Duffy","Rays",".353","2.65","25.3 %","54.3 %","20.4 %","8.3 %","4.8 %","14","6.3 %","1","50.0 %","29.3 %","37.8 %","32.9 %","14.3 %","54.7 %","31.0 %","13836"
"Jon Jay","- - -",".319","3.59","24.2 %","59.3 %","16.5 %","1.4 %","4.2 %","10","3.9 %","4","40.0 %","33.4 %","35.2 %","31.4 %","12.7 %","51.8 %","35.5 %","5227"
"Dee Gordon","Mariners",".304","2.47","22.4 %","55.2 %","22.4 %","4.9 %","3.9 %","26","10.2 %","8","26.7 %","32.9 %","36.3 %","30.8 %","20.0 %","59.6 %","20.4 %","8203"
"Billy Hamilton","Reds",".309","1.08","26.9 %","37.9 %","35.2 %","17.2 %","3.1 %","14","10.1 %","4","30.8 %","34.8 %","33.4 %","31.8 %","26.8 %","54.1 %","19.1 %","10199"
"Alcides Escobar","Royals",".263","1.44","21.6 %","46.2 %","32.2 %","10.7 %","3.1 %","18","9.6 %","1","6.7 %","41.5 %","34.1 %","24.4 %","20.1 %","49.5 %","30.3 %","6310"
"Mallex Smith","Rays",".366","1.96","24.9 %","49.7 %","25.4 %","5.3 %","2.1 %","26","14.0 %","4","23.5 %","28.9 %","37.9 %","33.3 %","19.2 %","53.7 %","27.1 %","13608"
